name,F,M,all,ratio,gender
All,159990140.0,162412587.0,322402727,0.0150277425468,M
James,23044.0,5049727.0,5072771,5.38968402953,M
John,21578.0,5040319.0,5061897,5.45355037558,M
Robert,20055.0,4767995.0,4788050,5.47120266086,M
Michael,21470.0,4243903.0,4265373,5.28658203179,M
Mary,4103935.0,15139.0,4119074,-5.60242735289,F
William,15806.0,3986586.0,4002392,5.53030088974,M
David,12787.0,3525961.0,3538748,5.61947927238,M
Richard,9534.0,2542735.0,2552269,5.58613119558,M
Joseph,10529.0,2519280.0,2529809,5.47759507052,M
Charles,12316.0,2335387.0,2347703,5.24503366507,M
Thomas,8404.0,2254734.0,2263138,5.59207950191,M
Christopher,9365.0,1947979.0,1957344,5.33756836796,M
Daniel,8004.0,1810130.0,1818134,5.42121252816,M
Patricia,1568742.0,4964.0,1573706,-5.75581743592,F
Elizabeth,1561874.0,5107.0,1566981,-5.72302951367,F
Matthew,5393.0,1498203.0,1503596,5.62691985256,M
Jennifer,1455078.0,4809.0,1459887,-5.71232562412,F
George,9915.0,1443869.0,1453784,4.98103283314,M
Linda,1448771.0,3756.0,1452527,-5.95511632846,F
Barbara,1431316.0,4139.0,1435455,-5.84589536701,F
Donald,5566.0,1405550.0,1411116,5.53150730114,M
Paul,5848.0,1372511.0,1378359,5.45829746548,M
Anthony,6954.0,1351350.0,1358304,5.26954233818,M
Mark,4477.0,1334372.0,1338849,5.69726286891,M
Edward,5360.0,1270291.0,1275651,5.46803731198,M
Steven,4451.0,1260654.0,1265105,5.64625712287,M
Kenneth,5330.0,1257723.0,1263053,5.46370698406,M
Margaret,1232653.0,3737.0,1236390,-5.79864088564,F
Andrew,4790.0,1206648.0,1211438,5.529071135,M
Brian,4540.0,1146417.0,1150957,5.53146969338,M
Kevin,5246.0,1128247.0,1133493,5.37095449827,M
Joshua,4792.0,1125231.0,1130023,5.45879576608,M
Susan,1118932.0,2534.0,1121466,-6.09033085602,F
Dorothy,1104280.0,3674.0,1107954,-5.70566783108,F
Ronald,3849.0,1072189.0,1076038,5.62964425776,M
Timothy,4312.0,1047868.0,1052180,5.49311106914,M
Sarah,1040054.0,3284.0,1043338,-5.75796572227,F
Jessica,1031638.0,3559.0,1035197,-5.66942350278,F
Helen,1012712.0,3106.0,1015818,-5.78705143505,F
Nancy,999033.0,2946.0,1001979,-5.8263394931,F
Betty,998065.0,3619.0,1001684,-5.61962065987,F
Jason,4968.0,991561.0,996529,5.29626312438,M
Karen,980322.0,2747.0,983069,-5.87737168201,F
Jeffrey,3492.0,964279.0,967771,5.62090603385,M
Lisa,962293.0,2785.0,965078,-5.84507110472,F
Frank,4609.0,903096.0,907705,5.27781794632,M
Gary,3287.0,896214.0,899501,5.60820392906,M
Ryan,18749.0,858602.0,877351,3.8241650675,M
Sandra,870721.0,2694.0,873415,-5.77829452608,F
Eric,4268.0,851715.0,855983,5.29610663039,M
Anna,851152.0,2700.0,853852,-5.75333895301,F
Nicholas,3054.0,847367.0,850421,5.62568168799,M
Stephen,2933.0,846078.0,849011,5.66458576394,M
Ashley,816948.0,15402.0,832350,-3.97107807423,F
Donna,829458.0,2232.0,831690,-5.91787443092,F
Carol,815035.0,8653.0,823688,-4.54532497548,F
Kimberly,814903.0,4242.0,819145,-5.25803423161,F
Ruth,816053.0,2777.0,818830,-5.68310809551,F
Larry,3560.0,801006.0,804566,5.41610789281,M
Jacob,2103.0,800407.0,802510,5.94175545158,M
Michelle,796579.0,3239.0,799818,-5.50506166817,F
Laura,787080.0,2573.0,789653,-5.72325736179,F
Jonathan,3439.0,775934.0,779373,5.41888673357,M
Amanda,776812.0,2131.0,778943,-5.89860701173,F
Scott,2612.0,765970.0,768582,5.68102679307,M
Raymond,3516.0,761785.0,765301,5.37834038382,M
Emily,754908.0,1651.0,756559,-6.12521472258,F
Melissa,742742.0,2490.0,745232,-5.69806603302,F
Justin,3736.0,740428.0,744164,5.28921287701,M
Deborah,737810.0,1657.0,739467,-6.09867760043,F
Rebecca,734133.0,2102.0,736235,-5.85580093866,F
Stephanie,727682.0,2633.0,730315,-5.62174025907,F
Sharon,719201.0,3057.0,722258,-5.46070683068,F
Brandon,4076.0,713673.0,717749,5.16530875888,M
Kathleen,708768.0,1692.0,710460,-6.03761699036,F
Cynthia,704320.0,1960.0,706280,-5.8842883251,F
Gregory,2856.0,698946.0,701802,5.50015144155,M
Shirley,683829.0,9545.0,693374,-4.27169042919,F
Amy,675651.0,1835.0,677486,-5.90863218903,F
Samuel,2721.0,672541.0,675262,5.51006361636,M
Patrick,2817.0,653935.0,656752,5.44733546924,M
Angela,652453.0,2134.0,654587,-5.72274095307,F
Catherine,645968.0,1823.0,647791,-5.87026647126,F
Virginia,644381.0,2009.0,646390,-5.77065308024,F
Benjamin,2280.0,639065.0,641345,5.63583072768,M
Jack,2588.0,626001.0,628589,5.4884665919,M
Jerry,17304.0,607484.0,624788,3.55838814877,M
Henry,4440.0,614066.0,618506,4.92944803778,M
Walter,3630.0,613336.0,616966,5.12968026147,M
Dennis,2637.0,612811.0,615448,5.44841466129,M
Katherine,609710.0,1803.0,611513,-5.82353149007,F
Brenda,603814.0,2121.0,605935,-5.65137852791,F
Pamela,592725.0,1388.0,594113,-6.05686668567,F
Willie,146103.0,446185.0,592288,1.11642181179,M
Frances,585555.0,4952.0,590507,-4.77276858005,F
Christine,581689.0,2027.0,583716,-5.65937907318,F
Nicole,568611.0,1943.0,570554,-5.6789633744,F
Peter,1940.0,561529.0,563469,5.66797544714,M
Alexander,4243.0,558947.0,563190,4.88078409028,M
Tyler,15145.0,541438.0,556583,3.57655811864,M
Douglas,2079.0,553948.0,556027,5.58518381065,M
Janet,554492.0,1518.0,556010,-5.9006587003,F
Carolyn,552215.0,1616.0,553831,-5.8339835031,F
Debra,549898.0,1145.0,551043,-6.17432816948,F
Harold,2649.0,547465.0,550114,5.33111632242,M
Rachel,547721.0,1772.0,549493,-5.73365718103,F
Martha,545513.0,1991.0,547504,-5.61308961125,F
Kelly,465737.0,80777.0,546514,-1.75192882558,F
Alice,538339.0,1920.0,540259,-5.63616328721,F
Marie,532398.0,2192.0,534590,-5.49257696085,F
Samantha,529231.0,1158.0,530389,-6.12473063036,F
Aaron,4152.0,523516.0,527668,4.83697744749,M
Maria,522467.0,4188.0,526655,-4.82633853094,F
Jose,4096.0,521271.0,525367,4.84625917233,M
Heather,522278.0,1476.0,523754,-5.86886428699,F
Arthur,3188.0,519090.0,522278,5.09268351761,M
Diane,517151.0,1386.0,518537,-5.92191300073,F
Terry,96792.0,419421.0,516213,1.46631084251,M
Adam,1992.0,512836.0,514828,5.55081694679,M
Emma,512134.0,1491.0,513625,-5.83913927376,F
Joyce,504839.0,2827.0,507666,-5.18502348785,F
Evelyn,502655.0,1765.0,504420,-5.6517533597,F
Julie,502647.0,1522.0,504169,-5.79986287503,F
Carl,3192.0,499405.0,502597,5.05276971022,M
Zachary,1470.0,494187.0,495657,5.81765158728,M
Albert,2559.0,482459.0,485018,5.2392793859,M
Joan,479216.0,5015.0,484231,-4.55971801381,F
Nathan,1674.0,478567.0,480241,5.65558024992,M
Jean,457227.0,22571.0,479798,-3.00851408885,F
Rose,469652.0,2093.0,471745,-5.41339355146,F
Christina,468567.0,1977.0,470544,-5.46809855687,F
Kyle,8251.0,460124.0,468375,4.02116161325,M
Ann,466360.0,1364.0,467724,-5.83453630864,F
Doris,461060.0,3237.0,464297,-4.95888121143,F
Joe,11318.0,447336.0,458654,3.67691561138,M
Lawrence,2115.0,452425.0,454540,5.36556719105,M
Mildred,450012.0,1582.0,451594,-5.65058437973,F
Judith,449997.0,1241.0,451238,-5.89332340985,F
Lauren,445128.0,5725.0,450853,-4.35351933181,F
Gerald,2388.0,444816.0,447204,5.22720451798,M
Kathryn,443618.0,1093.0,444711,-6.00603762256,F
Jordan,121274.0,322499.0,443773,0.978047587081,M
Cheryl,438701.0,979.0,439680,-6.10504172408,F
Grace,437620.0,1244.0,438864,-5.86301895959,F
Roger,1689.0,435797.0,437486,5.55303990077,M
Victoria,435187.0,1193.0,436380,-5.89930468066,F
Julia,430416.0,1715.0,432131,-5.52533910226,F
Keith,2215.0,429280.0,431495,5.26685698318,M
Megan,428400.0,1096.0,429496,-5.96839015005,F
Harry,2018.0,418373.0,420391,5.33426645719,M
Jeremy,2290.0,417112.0,419402,5.2048029533,M
Andrea,411564.0,5718.0,417282,-4.27634544268,F
Jacqueline,411757.0,1386.0,413143,-5.69401146875,F
Ralph,1839.0,410900.0,412739,5.40912793027,M
Teresa,410145.0,1165.0,411310,-5.86378966869,F
Jesse,11424.0,398847.0,410271,3.55286147911,M
Sara,408189.0,1228.0,409417,-5.80634347271,F
Gloria,407239.0,1736.0,408975,-5.45781662044,F
Janice,404285.0,1159.0,405444,-5.85456251044,F
Sean,2889.0,400964.0,403853,4.93296122623,M
Roy,2680.0,400564.0,403244,5.00705675947,M
Theresa,401731.0,1216.0,402947,-5.80021592686,F
Taylor,290060.0,104639.0,394699,-1.01957146704,F
Lillian,391851.0,1383.0,393234,-5.64662661281,F
Louis,2815.0,386764.0,389579,4.9228524263,M
Billy,5327.0,380024.0,385351,4.26744618069,M
Hannah,381370.0,649.0,382019,-6.37609259477,F
Judy,380917.0,1094.0,382011,-5.85274079963,F
Beverly,375859.0,4633.0,380492,-4.39600946663,F
Eugene,2617.0,376373.0,378990,4.96855204939,M
Bruce,1400.0,377163.0,378563,5.59620521813,M
Christian,18568.0,353913.0,372481,2.94761145125,M
Leslie,259392.0,112294.0,371686,-0.837219999006,F
Denise,369603.0,1363.0,370966,-5.6027413039,F
Austin,3742.0,364403.0,368145,4.57864017021,M
Marilyn,365367.0,1066.0,366433,-5.83698900214,F
Jane,363243.0,1127.0,364370,-5.77551279673,F
Amber,362512.0,980.0,363492,-5.91326028451,F
Bryan,1680.0,360757.0,362437,5.36941080807,M
Alexis,307293.0,54716.0,362009,-1.72564551861,F
Danielle,357831.0,1881.0,359712,-5.24825725758,F
Brittany,353486.0,1079.0,354565,-5.79180919432,F
Wayne,1605.0,349683.0,351288,5.38390327321,M
Diana,348735.0,1284.0,350019,-5.60433211619,F
Irene,348459.0,1344.0,349803,-5.55787033412,F
Russell,1696.0,347633.0,349329,5.32287478822,M
Jamie,263130.0,83287.0,346417,-1.15035573206,F
Howard,1677.0,343314.0,344991,5.32163899745,M
Annie,342398.0,1922.0,344320,-5.18260749258,F
Shannon,292956.0,51301.0,344257,-1.74231218193,F
Fred,2028.0,342015.0,344043,5.12780451002,M
Lori,339910.0,852.0,340762,-5.98884962884,F
Florence,333946.0,1437.0,335383,-5.44842169616,F
Philip,1137.0,333638.0,334775,5.6816633581,M
Lois,331209.0,2636.0,333845,-4.83348697941,F
Louise,331029.0,2189.0,333218,-5.01876116629,F
Kathy,332477.0,739.0,333216,-6.1090280428,F
Tammy,331317.0,1396.0,332713,-5.46946461666,F
Tiffany,331101.0,1191.0,332292,-5.62763017441,F
Robin,287861.0,43456.0,331317,-1.8907287928,F
Alan,1011.0,329251.0,330262,5.78588043779,M
Randy,4976.0,323134.0,328110,4.17344074244,M
Ruby,324693.0,2968.0,327661,-4.69499179521,F
Shawn,32854.0,294133.0,326987,2.19195854288,M
Crystal,325163.0,1185.0,326348,-5.61458382048,F
Bonnie,321910.0,4031.0,325941,-4.38025751924,F
Phyllis,322181.0,870.0,323051,-5.91437556675,F
Juan,2700.0,317995.0,320695,4.76878388638,M
Bobby,9610.0,310759.0,320369,3.47621346918,M
Anne,317277.0,830.0,318107,-5.94610478755,F
Kayla,314684.0,552.0,315236,-6.34577619341,F
Erin,304991.0,8853.0,313844,-3.53952588335,F
Vincent,1368.0,311144.0,312512,5.42690600833,M
Tracy,249996.0,60723.0,310719,-1.41512237875,F
Francis,28671.0,281240.0,309911,2.28332223838,M
Madison,301660.0,7310.0,308970,-3.72005728158,F
Johnny,3668.0,303202.0,306870,4.41475269566,M
Ethan,554.0,305222.0,305776,6.31162997293,M
Olivia,303411.0,579.0,303990,-6.26154112343,F
Phillip,1332.0,301642.0,302974,5.42255931161,M
Clarence,1861.0,301067.0,302928,5.08621885368,M
Ernest,1854.0,299105.0,300959,5.08344921517,M
Natalie,297824.0,715.0,298539,-6.03197544429,F
Victor,1778.0,296635.0,298413,5.1170132897,M
Martin,1471.0,296672.0,298143,5.30668470981,M
Dylan,6699.0,291381.0,298080,3.77267342764,M
Craig,1012.0,296740.0,297752,5.68092776366,M
Stanley,1437.0,296218.0,297655,5.32853806264,M
Dale,21835.0,275773.0,297608,2.5360638766,M
Edna,293457.0,1047.0,294504,-5.63580218898,F
Peggy,292394.0,799.0,293193,-5.90249654105,F
Travis,2112.0,290513.0,292625,4.92401295988,M
Tina,290308.0,903.0,291211,-5.77297515391,F
Lee,61941.0,228180.0,290121,1.3039524721,M
Bradley,1278.0,288837.0,290115,5.4205661592,M
Earl,2248.0,287591.0,289839,4.85149839986,M
Leonard,1412.0,288169.0,289581,5.31853997452,M
Dawn,288207.0,1034.0,289241,-5.63024419587,F
Josephine,288051.0,985.0,289036,-5.6782511856,F
Jimmy,2218.0,282017.0,284235,4.84536146388,M
Rita,281675.0,777.0,282452,-5.89306885266,F
Wanda,280775.0,972.0,281747,-5.66595311137,F
Todd,1061.0,279917.0,280978,5.57528127102,M
Ethel,278533.0,1489.0,280022,-5.23143179057,F
Danny,1511.0,277461.0,278972,5.21290869948,M
Charlotte,278045.0,633.0,278678,-6.08506782793,F
Norma,276724.0,1278.0,278002,-5.37772426361,F
Alyssa,277104.0,413.0,277517,-6.50870057301,F
Paula,275687.0,884.0,276571,-5.74256438056,F
Courtney,253875.0,21791.0,275666,-2.45534497939,F
Cody,4805.0,270657.0,275462,4.03119529415,M
Connie,265764.0,6947.0,272711,-3.64429878521,F
Jessie,163739.0,108007.0,271746,-0.416077656848,F
Abigail,270956.0,536.0,271492,-6.22557756399,F
Marjorie,270358.0,594.0,270952,-6.12062296628,F
Ellen,270025.0,745.0,270770,-5.89288560791,F
Angel,86405.0,182416.0,268821,0.747244248585,M
Gabriel,6266.0,260982.0,267248,3.7293132469,M
Gladys,265657.0,1023.0,266680,-5.55946651604,F
Carrie,264662.0,1189.0,265851,-5.40534092247,F
Edith,262408.0,825.0,263233,-5.76227243706,F
Carlos,2008.0,260756.0,262764,4.86644590233,M
Allison,259003.0,3724.0,262727,-4.24204128523,F
Allen,1817.0,260377.0,262194,4.96494379137,M
Wendy,258247.0,947.0,259194,-5.60837267708,F
Clara,258115.0,999.0,259114,-5.55440572238,F
Marion,187263.0,71335.0,258598,-0.965126955322,F
Frederick,1105.0,256987.0,258092,5.44918016499,M
Eleanor,256346.0,602.0,256948,-6.05402592811,F
Curtis,2321.0,254012.0,256333,4.6953833827,M
Elaine,254197.0,654.0,254851,-5.96275748448,F
Cindy,253906.0,766.0,254672,-5.80353722902,F
Alex,7608.0,246609.0,254217,3.47860376117,M
Norman,1607.0,250568.0,252175,5.04936125402,M
Logan,18851.0,230652.0,249503,2.50434411823,M
Joel,2504.0,246221.0,248725,4.58834005338,M
Glenn,2136.0,246333.0,248469,4.747749358,M
Marvin,1610.0,246539.0,248149,5.03128601698,M
Cameron,23224.0,223976.0,247200,2.26635267654,M
Noah,1155.0,245946.0,247101,5.36101165567,M
Tony,2878.0,244055.0,246933,4.44029800126,M
Valerie,244300.0,694.0,244994,-5.86368029674,F
Esther,243764.0,954.0,244718,-5.54329215166,F
Monica,243545.0,982.0,244527,-5.513465701,F
Rodney,1176.0,242564.0,243740,5.32914674361,M
Luis,1481.0,242223.0,243704,5.09714125417,M
Audrey,239289.0,2828.0,242117,-4.43810227842,F
Melvin,2140.0,239601.0,241741,4.71816921082,M
Dana,188866.0,52807.0,241673,-1.27439401121,F
Alfred,1293.0,239878.0,241171,5.22316536097,M
Vanessa,238322.0,965.0,239287,-5.50924987809,F
Steve,906.0,238342.0,239248,5.57242258994,M
Eva,237500.0,972.0,238472,-5.498567098,F
Chad,1039.0,237156.0,238195,5.43045944033,M
Ella,236937.0,825.0,237762,-5.66016617566,F
Sheila,236900.0,647.0,237547,-5.90304709565,F
Hazel,233185.0,2629.0,235814,-4.48522858419,F
Sylvia,234775.0,909.0,235684,-5.5540377935,F
Nathaniel,1123.0,233913.0,235036,5.3389455756,M
April,232585.0,667.0,233252,-5.85422098268,F
Lynn,181159.0,52080.0,233239,-1.24659410079,F
Edwin,1192.0,231604.0,232796,5.26939644806,M
Morgan,192255.0,39110.0,231365,-1.59244442708,F
Sherry,229185.0,975.0,230160,-5.45984734566,F
Herbert,1116.0,227136.0,228252,5.31579809306,M
Katie,227542.0,494.0,228036,-6.13255459853,F
Jeffery,1268.0,226477.0,227745,5.1852025385,M
Erica,226586.0,1022.0,227608,-5.40136307203,F
Antonio,1958.0,225224.0,227182,4.74517191841,M
Pauline,225430.0,770.0,226200,-5.6793744536,F
Thelma,225020.0,1141.0,226161,-5.28428421626,F
Michele,222607.0,2619.0,225226,-4.44261531936,F
Jasmine,223137.0,1242.0,224379,-5.19106294909,F
Brianna,223754.0,387.0,224141,-6.35987782004,F
Eddie,15672.0,206216.0,221888,2.5770484825,M
Melanie,219574.0,598.0,220172,-5.90585383057,F
Evan,3441.0,215443.0,218884,4.13693424658,M
Suzanne,218244.0,493.0,218737,-6.09285980787,F
Ricky,1835.0,216853.0,218688,4.77217522313,M
Alicia,217639.0,706.0,218345,-5.73097776835,F
Lucille,216502.0,751.0,217253,-5.66394941249,F
Kristen,215189.0,2039.0,217228,-4.65905722015,F
Derek,905.0,216162.0,217067,5.47584846186,M
Caleb,506.0,213744.0,214250,6.04599764694,M
Kim,179033.0,34784.0,213817,-1.63841263545,F
Anita,212630.0,682.0,213312,-5.74227918716,F
Theodore,882.0,212276.0,213158,5.48345053772,M
Marcus,1322.0,211500.0,212822,5.07507925706,M
Dolores,210641.0,1336.0,211977,-5.0604751875,F
Veronica,210778.0,835.0,211613,-5.53112900103,F
Joanne,210537.0,504.0,211041,-6.03484042056,F
Gail,201450.0,8946.0,210396,-3.11433470663,F
Geraldine,209111.0,747.0,209858,-5.63455530531,F
Alexandra,208887.0,856.0,209743,-5.49727833873,F
Lorraine,207648.0,935.0,208583,-5.40305308813,F
Rhonda,207749.0,589.0,208338,-5.86565971558,F
Bertha,207341.0,936.0,208277,-5.40050458338,F
Jill,207582.0,501.0,208083,-6.02667562023,F
Juanita,206420.0,991.0,207411,-5.33895367279,F
Isaac,657.0,205836.0,206493,5.74715099571,M
Ray,5336.0,199622.0,204958,3.62194926963,M
Troy,2588.0,201883.0,204471,4.35680294504,M
Jesus,2583.0,201452.0,204035,4.3565996255,M
Sophia,203371.0,289.0,203660,-6.55636048811,F
Mike,662.0,202747.0,203409,5.72444861938,M
Darlene,202760.0,605.0,203365,-5.81454983456,F
Sally,202123.0,642.0,202765,-5.75204339827,F
Dustin,1380.0,200134.0,201514,4.97690364303,M
Isabella,201112.0,241.0,201353,-6.72682031229,F
Bernard,985.0,197723.0,198708,5.30198069911,M
Adrian,14342.0,184140.0,198482,2.5525040424,M
Leroy,1183.0,197248.0,198431,5.11640823526,M
Randall,1155.0,195607.0,196762,5.13200720031,M
Holly,195046.0,1541.0,196587,-4.84080387184,F
Caroline,196124.0,302.0,196426,-6.47607537386,F
Luke,451.0,194152.0,194603,6.06492929692,M
Wesley,2142.0,190969.0,193111,4.49037113918,M
Jared,760.0,191764.0,192524,5.53070229502,M
June,185140.0,3132.0,188272,-4.07944051751,F
Clifford,2019.0,186078.0,188097,4.52356360132,M
Vivian,185415.0,2541.0,187956,-4.29003885167,F
Debbie,187427.0,434.0,187861,-6.06810018115,F
Beatrice,187084.0,733.0,187817,-5.54216729095,F
Ronnie,7305.0,178955.0,186260,3.19857533238,M
Ida,185060.0,766.0,185826,-5.48725320606,F
Elijah,878.0,184735.0,185613,5.34903105108,M
Jay,2438.0,183138.0,185576,4.31906193595,M
Calvin,1172.0,184056.0,185228,5.05652836798,M
Ian,685.0,184484.0,185169,5.59589917957,M
Bernice,181293.0,3402.0,184695,-3.975751013,F
Oscar,1065.0,183005.0,184070,5.14653867571,M
Corey,8730.0,175320.0,184050,2.9998475057,M
Eileen,183342.0,407.0,183749,-6.11029535471,F
Renee,181977.0,1569.0,183546,-4.75344183171,F
Stacy,161209.0,21965.0,183174,-1.99325138235,F
Hunter,9610.0,173052.0,182662,2.89078790439,M
Leah,181640.0,388.0,182028,-6.14877664559,F
Shane,3367.0,178643.0,182010,3.97136726076,M
Jo,178580.0,1772.0,180352,-4.61292782791,F
Barry,766.0,179233.0,179999,5.45525974461,M
Casey,73493.0,106278.0,179771,0.36886813891,M
Kristin,178099.0,1622.0,179721,-4.69867961976,F
Gertrude,176665.0,568.0,177233,-5.73988914413,F
Tommy,2820.0,173228.0,176048,4.11787176093,M
Manuel,1153.0,173284.0,174437,5.01256462573,M
Loretta,173572.0,500.0,174072,-5.84973967945,F
Regina,173445.0,564.0,174009,-5.72856157373,F
Brooke,171659.0,1999.0,173658,-4.45286289529,F
Tara,171761.0,543.0,172304,-5.75674993468,F
Elsie,171213.0,887.0,172100,-5.26281869208,F
Warren,886.0,170805.0,171691,5.26156088331,M
Rosa,170300.0,1173.0,171473,-4.977997018,F
Leo,1850.0,169595.0,171445,4.5182276027,M
Roberta,170646.0,782.0,171428,-5.38549177373,F
Bessie,169916.0,741.0,170657,-5.43505885097,F
Cathy,169722.0,343.0,170065,-6.2041866362,F
Charlie,13157.0,156442.0,169599,2.47573139788,M
Lucy,168666.0,610.0,169276,-5.62221674986,F
Jackie,89881.0,77775.0,167656,-0.144666530417,F
Laurie,165662.0,1954.0,167616,-4.4400710144,F
Don,1206.0,165998.0,167204,4.92466664179,M
Annette,166477.0,499.0,166976,-5.81000634497,F
Dean,2858.0,162021.0,164879,4.03760387695,M
Jon,1250.0,163331.0,164581,4.87263526531,M
Cassandra,162762.0,376.0,163138,-6.07045514668,F
Jeanne,162663.0,361.0,163024,-6.1105578966,F
Chris,22855.0,140076.0,162931,1.81301522067,M
Jeanette,162151.0,538.0,162689,-5.70842471868,F
Madeline,161504.0,229.0,161733,-6.55856318559,F
Colleen,161250.0,330.0,161580,-6.1916185802,F
Bill,715.0,159935.0,160650,5.41024021898,M
Lloyd,999.0,159235.0,160234,5.07138159883,M
Stacey,146322.0,13742.0,160064,-2.36535283605,F
Lindsey,152342.0,7635.0,159977,-2.99338505472,F
Minnie,158359.0,787.0,159146,-5.30439163806,F
Beth,158775.0,325.0,159100,-6.19141820234,F
Mitchell,1095.0,157724.0,158819,4.97009230682,M
Leon,1423.0,157310.0,158733,4.70545106173,M
Jerome,1061.0,157578.0,158639,5.00070871414,M
Alma,156144.0,2130.0,158274,-4.29465667868,F
Darrell,1182.0,156715.0,157897,4.88722095011,M
Brett,3186.0,154683.0,157869,3.88261164994,M
Lucas,361.0,156719.0,157080,6.07333171346,M
Agnes,156582.0,466.0,157048,-5.81714947928,F
Pearl,152989.0,3919.0,156908,-3.66452950417,F
Sydney,147820.0,8782.0,156602,-2.82329114522,F
Connor,1425.0,155073.0,156498,4.68972416007,M
Joann,155836.0,542.0,156378,-5.66129344976,F
Miguel,973.0,155304.0,156277,5.07275568322,M
Alvin,1098.0,155100.0,156198,4.9505797271,M
Yvonne,154424.0,619.0,155043,-5.51935207222,F
Floyd,1378.0,153039.0,154417,4.71005961828,M
Devin,16015.0,138318.0,154333,2.15602959898,M
Mason,2263.0,151922.0,154185,4.20667586459,M
Vicki,153097.0,295.0,153392,-6.25185163008,F
Isaiah,505.0,152781.0,153286,5.71220237316,M
Jim,815.0,152428.0,153243,5.23125951915,M
Micheal,1836.0,151205.0,153041,4.41104723978,M
Lillie,151641.0,873.0,152514,-5.15733560834,F
Rosemary,151812.0,358.0,152170,-6.0498652058,F
Shelby,136205.0,15836.0,152041,-2.15187527452,F
Gordon,670.0,151352.0,152022,5.42008581638,M
Chelsea,151211.0,440.0,151651,-5.83965676449,F
Gina,151161.0,398.0,151559,-5.93964876766,F
Julian,2844.0,148174.0,151018,3.95317574693,M
Seth,479.0,149785.0,150264,5.74525561413,M
Claire,148055.0,2198.0,150253,-4.21003597037,F
Johnnie,48667.0,100650.0,149317,0.726647969754,M
Kaitlyn,148617.0,227.0,148844,-6.48417778832,F
Nellie,148113.0,592.0,148705,-5.52222414005,F
Lewis,870.0,147495.0,148365,5.13305634423,M
Carmen,130754.0,16406.0,147160,-2.07567057363,F
Trevor,606.0,145989.0,146595,5.48440656932,M
Vernon,1976.0,144570.0,146546,4.29268921999,M
Haley,145721.0,816.0,146537,-5.18503475861,F
Terri,145537.0,915.0,146452,-5.06926156352,F
Carla,146023.0,426.0,146449,-5.83708007626,F
Jackson,437.0,145099.0,145536,5.80523835195,M
Molly,144626.0,339.0,144965,-6.05590627153,F
Blake,4563.0,140356.0,144919,3.42620175022,M
Erik,664.0,144198.0,144862,5.38066048463,M
Sue,144342.0,519.0,144861,-5.62803687954,F
Clyde,3931.0,140372.0,144303,3.57540219506,M
Kelsey,139093.0,5073.0,144166,-3.31121041557,F
Maureen,143631.0,328.0,143959,-6.08198918135,F
Edgar,700.0,142801.0,143501,5.31812699662,M
Chloe,142909.0,237.0,143146,-6.40190320191,F
Georgia,142001.0,727.0,142728,-5.27466290128,F
Jeremiah,575.0,142108.0,142683,5.50997257008,M
Arlene,140875.0,361.0,141236,-5.96675029301,F
Lydia,140061.0,259.0,140320,-6.29300525928,F
Marian,138986.0,1326.0,140312,-4.65220631687,F
Wilma,139491.0,753.0,140244,-5.22169013423,F
Ava,139988.0,180.0,140168,-6.65635513274,F
Stella,138898.0,351.0,139249,-5.98070890632,F
Tom,613.0,138614.0,139227,5.4210834348,M
Constance,137972.0,424.0,138396,-5.78507258977,F
Riley,62024.0,76119.0,138143,0.204776498273,M
Brent,567.0,136798.0,137365,5.48590136045,M
Myrtle,136418.0,498.0,136916,-5.61287890347,F
Marc,531.0,136230.0,136761,5.54733789152,M
Derrick,997.0,135485.0,136482,4.91186544211,M
Heidi,135934.0,360.0,136294,-5.93382072136,F
Herman,794.0,134880.0,135674,5.13505731199,M
Jenna,135377.0,256.0,135633,-6.27064131349,F
Mario,1092.0,134506.0,135598,4.81359793039,M
Melinda,133884.0,337.0,134221,-5.98464610203,F
Jimmie,22937.0,111255.0,134192,1.57907353664,M
Maurice,2612.0,130744.0,133356,3.91312500138,M
Kristina,132849.0,352.0,133201,-5.93333724828,F
Vera,132739.0,401.0,133140,-5.80217864584,F
Marcia,132692.0,283.0,132975,-6.1503390345,F
Gene,6966.0,125715.0,132681,2.89297626828,M
Charlene,131832.0,382.0,132214,-5.84386305508,F
Deanna,131917.0,266.0,132183,-6.20643190714,F
Billie,100616.0,31491.0,132107,-1.16160950002,F
Lindsay,126856.0,5100.0,131956,-3.21381204516,F
Naomi,131464.0,252.0,131716,-6.25705924135,F
Franklin,698.0,131004.0,131702,5.23476403331,M
Joy,129181.0,2391.0,131572,-3.98950283323,F
Mabel,131102.0,409.0,131511,-5.77001576912,F
Lester,1359.0,128975.0,130334,4.55286945196,M
Viola,129835.0,434.0,130269,-5.70097515841,F
Destiny,129778.0,438.0,130216,-5.69136166698,F
Lena,129723.0,325.0,130048,-5.98933150456,F
Mattie,129058.0,779.0,129837,-5.11000614883,F
Ricardo,713.0,128849.0,129562,5.19691503467,M
Tamara,129060.0,417.0,129477,-5.73494646969,F
Cory,6400.0,123033.0,129433,2.95615462171,M
Sabrina,128879.0,348.0,129227,-5.91442677889,F
Elmer,1753.0,127023.0,128776,4.28303956648,M
Daisy,127715.0,620.0,128335,-5.32783701989,F
Marlene,127639.0,359.0,127998,-5.87363885734,F
Gilbert,674.0,127229.0,127903,5.24051378041,M
Savannah,127269.0,191.0,127460,-6.5017848076,F
Patsy,119172.0,7711.0,126883,-2.73791994686,F
Jennie,126165.0,479.0,126644,-5.57364525565,F
Gavin,300.0,125735.0,126035,6.0381493219,M
Glen,1349.0,124371.0,125720,4.52390545693,M
Jayden,16576.0,108534.0,125110,1.87910762187,M
Chase,2962.0,121990.0,124952,3.71807435832,M
Claudia,123347.0,751.0,124098,-5.10135114886,F
Max,518.0,123383.0,123901,5.47307337533,M
Mia,123318.0,191.0,123509,-6.47024823585,F
Hailey,123090.0,228.0,123318,-6.29132544515,F
Dominic,1099.0,121995.0,123094,4.70957938487,M
Francisco,958.0,121873.0,122831,4.84588701994,M
Paige,121245.0,1324.0,122569,-4.51715583434,F
Sam,1350.0,120169.0,121519,4.48879449289,M
Erika,120525.0,548.0,121073,-5.39333719233,F
Chester,828.0,120026.0,120854,4.97645051058,M
Tonya,120092.0,435.0,120527,-5.6206673636,F
Clayton,557.0,119804.0,120361,5.37104711316,M
Gabrielle,119448.0,651.0,120099,-5.212126767,F
Garrett,431.0,119297.0,119728,5.62326337098,M
Jeff,258.0,119322.0,119580,6.13662141522,M
Katelyn,118449.0,151.0,118600,-6.66495793036,F
Nina,118331.0,250.0,118581,-6.15978014342,F
Delores,117514.0,430.0,117944,-5.61052754572,F
Jorge,683.0,116704.0,117387,5.14090123404,M
Harvey,666.0,116309.0,116975,5.16271605104,M
Amelia,116446.0,168.0,116614,-6.54121894581,F
Milton,615.0,115599.0,116214,5.23626031686,M
Tanya,115382.0,405.0,115787,-5.65211657458,F
Nora,114343.0,761.0,115104,-5.01232462415,F
Duane,1015.0,114012.0,115027,4.72141509352,M
Alejandro,830.0,113842.0,114672,4.92114110034,M
Priscilla,114363.0,244.0,114607,-6.14996465375,F
Andre,2191.0,111956.0,114147,3.93374787635,M
Marissa,113868.0,269.0,114137,-6.04808378216,F
Owen,299.0,113714.0,114013,5.94099822981,M
Gwendolyn,112806.0,333.0,113139,-5.82528231814,F
Cecil,7677.0,105307.0,112984,2.61865104782,M
Cora,112461.0,376.0,112837,-5.70077263047,F
Yolanda,111530.0,537.0,112067,-5.33605079748,F
Jaime,49138.0,62861.0,111999,0.246293273387,M
Carole,110555.0,264.0,110819,-6.03731931052,F
Maxine,110230.0,377.0,110607,-5.67807918351,F
Faith,110200.0,186.0,110386,-6.38430550199,F
Vickie,109883.0,388.0,110271,-5.64616610273,F
Ivan,615.0,108694.0,109309,5.17466960599,M
Glenda,108789.0,295.0,109084,-5.91019014901,F
Violet,108428.0,237.0,108665,-6.12578149608,F
Reginald,757.0,107700.0,108457,4.95774160971,M
Spencer,2422.0,105825.0,108247,3.77719314128,M
Caitlin,107558.0,283.0,107841,-5.94033861829,F
Mae,107111.0,601.0,107712,-5.18302602438,F
Cole,376.0,107331.0,107707,5.6540836531,M
Brandy,105398.0,2134.0,107532,-3.89974550772,F
Jake,206.0,106187.0,106393,6.24508080096,M
Colin,418.0,105766.0,106184,5.53350295318,M
Margie,105714.0,397.0,106111,-5.58455633273,F
Bobbie,87780.0,18315.0,106095,-1.56711328803,F
Leona,105494.0,294.0,105788,-5.8828295909,F
Ruben,655.0,104983.0,105638,5.07691847563,M
Mackenzie,98519.0,7100.0,105619,-2.63015463893,F
Dan,549.0,105046.0,105595,5.25405518693,M
Grant,194.0,105374.0,105568,6.29741304628,M
Maggie,105002.0,277.0,105279,-5.93771717039,F
Dora,104579.0,550.0,105129,-5.24777976741,F
Alison,103883.0,572.0,104455,-5.20188155346,F
Marsha,103885.0,251.0,104136,-6.02558685795,F
Sidney,21492.0,81526.0,103018,1.33324121491,M
Isabel,101218.0,1797.0,103015,-4.03115799885,F
Arnold,550.0,102240.0,102790,5.22515999138,M
Angelina,102567.0,115.0,102682,-6.79333939419,F
Dakota,23408.0,78492.0,101900,1.20991886449,M
Aiden,1400.0,100480.0,101880,4.2734864661,M
Roberto,835.0,100963.0,101798,4.79507766722,M
Kay,97888.0,3816.0,101704,-3.24462121438,F
Miranda,101364.0,183.0,101547,-6.31698712467,F
Brandi,100650.0,389.0,101039,-5.55582508745,F
Miriam,100368.0,274.0,100642,-5.90347060395,F
Lance,345.0,99812.0,100157,5.66749927852,M
Genevieve,99738.0,145.0,99883,-6.53356828434,F
Lonnie,6789.0,92875.0,99664,2.61595084772,M
Neil,386.0,99273.0,99659,5.54979154027,M
Karl,912.0,98698.0,99610,4.68417997172,M
Toni,98153.0,1410.0,99563,-4.24293778133,F
Christy,97536.0,1916.0,99452,-3.92998186108,F
Katrina,98849.0,238.0,99087,-6.02907803854,F
Whitney,92343.0,5821.0,98164,-2.76403783689,F
Darren,562.0,97533.0,98095,5.15644421137,M
Kerry,48303.0,49163.0,97466,0.0176476375287,M
Xavier,782.0,95831.0,96613,4.80848676188,M
Hattie,95536.0,494.0,96030,-5.2647229016,F
Bailey,76125.0,19796.0,95921,-1.34689682894,F
Avery,57034.0,38858.0,95892,-0.383733605412,F
Penny,95351.0,388.0,95739,-5.50431475903,F
Clinton,433.0,95128.0,95561,5.39224090411,M
Joanna,95153.0,300.0,95453,-5.75945892674,F
Dianne,94910.0,190.0,95100,-6.21366028096,F
Landon,601.0,94299.0,94900,5.05563092958,M
Tracey,86192.0,8543.0,94735,-2.31146513177,F
Sadie,94337.0,218.0,94555,-6.07013369367,F
Roland,363.0,94139.0,94502,5.55812485816,M
Kara,93439.0,282.0,93721,-5.80315702501,F
Preston,530.0,93022.0,93552,5.16771429675,M
Hector,481.0,92879.0,93360,5.26318557963,M
Lily,93208.0,101.0,93309,-6.82746831706,F
Bryce,2424.0,90730.0,93154,3.62246899497,M
Autumn,92882.0,238.0,93120,-5.96681447563,F
Bob,322.0,92792.0,93114,5.66356416262,M
Marguerite,92868.0,101.0,92969,-6.82381389222,F
Meghan,92698.0,226.0,92924,-6.01656717708,F
Aidan,2414.0,90193.0,92607,3.62066669606,M
Natasha,92001.0,285.0,92286,-5.77706554527,F
Allan,253.0,91724.0,91977,5.89314985828,M
Eduardo,432.0,91405.0,91837,5.3546298723,M
Bethany,91536.0,184.0,91720,-6.2095518589,F
Claude,953.0,90645.0,91598,4.55509115381,M
Kaylee,91342.0,144.0,91486,-6.45255268314,F
Darryl,1125.0,90109.0,91234,4.38323701298,M
Alexa,90843.0,219.0,91062,-6.02781629096,F
Ana,90103.0,591.0,90694,-5.02689272197,F
Mariah,90329.0,169.0,90498,-6.28131512464,F
Felicia,90102.0,279.0,90381,-5.77748585909,F
Sierra,89409.0,269.0,89678,-5.80626524763,F
Jenny,88585.0,605.0,89190,-4.986489364,F
Guy,471.0,88527.0,88998,5.2362047752,M
Hayden,14241.0,74729.0,88970,1.65774310811,M
Ada,88646.0,277.0,88923,-5.76838868303,F
Harriet,87426.0,121.0,87547,-6.58275745465,F
Blanche,87298.0,223.0,87521,-5.9699110606,F
Kendra,87155.0,343.0,87498,-5.53771297448,F
Oliver,483.0,86962.0,87445,5.19320986696,M
Alexandria,86929.0,230.0,87159,-5.93476766358,F
Velma,86519.0,450.0,86969,-5.25887173921,F
Tristan,5787.0,80940.0,86727,2.63809411686,M
Briana,86505.0,200.0,86705,-6.06964012817,F
Geneva,86342.0,304.0,86646,-5.64904373167,F
Becky,86242.0,144.0,86386,-6.39509927739,F
Jody,55518.0,30786.0,86304,-0.589647251307,F
Fernando,570.0,85554.0,86124,5.01126667368,M
Shelly,83892.0,2189.0,86081,-3.64608543878,F
Sophie,85862.0,97.0,85959,-6.78578565674,F
Levi,502.0,85251.0,85753,5.13475500559,M
Everett,383.0,85132.0,85515,5.4039232829,M
Bridget,85292.0,149.0,85441,-6.3498896365,F
Wyatt,185.0,85106.0,85291,6.13129699229,M
Devon,19325.0,65950.0,85275,1.22749728469,M
Jocelyn,84833.0,340.0,85173,-5.51949427941,F
Fannie,84431.0,363.0,84794,-5.44928707746,F
Aubrey,55612.0,29051.0,84663,-0.649346099194,F
Guadalupe,60454.0,24204.0,84658,-0.9153648365,F
Javier,487.0,84132.0,84619,5.15187814991,M
Kurt,196.0,84411.0,84607,6.06533834461,M
Marshall,1108.0,83484.0,84592,4.3220984084,M
Susie,84259.0,278.0,84537,-5.71402955374,F
Johnathan,349.0,84143.0,84492,5.48520108917,M
Angelica,84103.0,321.0,84424,-5.56835639401,F
Sebastian,222.0,84090.0,84312,5.93696555095,M
Misty,84003.0,237.0,84240,-5.87054765034,F
Lula,83652.0,344.0,83996,-5.4937789579,F
Karla,83578.0,309.0,83887,-5.60019432965,F
Cecilia,83704.0,177.0,83881,-6.15889231249,F
Candace,83708.0,158.0,83866,-6.27249479833,F
Sherri,83485.0,176.0,83661,-6.16193825894,F
Kristine,83265.0,185.0,83450,-6.10942774671,F
Brendan,324.0,82748.0,83072,5.54281160797,M
Jacquelyn,82845.0,110.0,82955,-6.62424630521,F
Omar,446.0,82418.0,82864,5.21924018662,M
Tim,188.0,82605.0,82793,6.08538352753,M
Brad,233.0,82225.0,82458,5.86617621749,M
Carter,2151.0,80275.0,82426,3.61952538969,M
Freddie,10239.0,71907.0,82146,1.94916965884,M
Pedro,500.0,81492.0,81992,5.09365203648,M
Andy,880.0,80286.0,81166,4.51342863106,M
Brittney,80869.0,265.0,81134,-5.7208560145,F
Diego,188.0,80941.0,81129,6.06503381035,M
Makayla,80957.0,142.0,81099,-6.3458463709,F
Rick,136.0,80888.0,81024,6.38816587504,M
Ben,462.0,80359.0,80821,5.15869448377,M
Wallace,528.0,80280.0,80808,5.0241795192,M
Kylie,80391.0,408.0,80799,-5.2833903342,F
Melody,80540.0,164.0,80704,-6.19664280658,F
Rachael,80414.0,181.0,80595,-6.0964465381,F
Zoe,80108.0,351.0,80459,-5.43034477976,F
Hilda,80269.0,182.0,80451,-6.08913208602,F
Hugh,349.0,79517.0,79866,5.42865419206,M
Jodi,78973.0,867.0,79840,-4.5118223241,F
Ross,397.0,79408.0,79805,5.29841811714,M
Eunice,78479.0,1178.0,79657,-4.19901298785,F
Raul,479.0,79055.0,79534,5.10619849433,M
Tanner,1748.0,77762.0,79510,3.79518060275,M
Desiree,79032.0,198.0,79230,-5.98934108203,F
Sheryl,78496.0,200.0,78696,-5.97248558051,F
Gabriella,78331.0,60.0,78391,-7.17435415456,F
Hope,77818.0,490.0,78308,-5.06772265477,F
Sandy,67724.0,10303.0,78027,-1.8830055073,F
Monique,77639.0,377.0,78016,-5.32757996979,F
Willard,883.0,76964.0,77847,4.46776785844,M
Mamie,77568.0,278.0,77846,-5.6312891363,F
Rosie,77282.0,474.0,77756,-5.09400902677,F
Antoinette,77664.0,68.0,77732,-7.04063940335,F
Lynda,77464.0,119.0,77583,-6.47844509818,F
Lola,77260.0,275.0,77535,-5.63816053855,F
Dwight,325.0,77172.0,77497,5.46996679359,M
Greg,143.0,77268.0,77411,6.29219054707,M
Tyrone,709.0,76483.0,77192,4.68096824637,M
Breanna,77113.0,65.0,77178,-7.07863988763,F
Byron,298.0,76694.0,76992,5.55048527093,M
Addison,65238.0,11682.0,76920,-1.71999292563,F
Peyton,40407.0,35957.0,76364,-0.11667925719,F
Kristi,76188.0,138.0,76326,-6.3137055638,F
Perry,2396.0,73809.0,76205,3.42767999514,M
Jan,54467.0,21166.0,75633,-0.945198893019,F
Adriana,74724.0,386.0,75110,-5.2657192352,F
Jillian,74882.0,227.0,75109,-5.79871880272,F
Carson,5425.0,69378.0,74803,2.54855191495,M
Kelli,74327.0,300.0,74627,-5.51244708169,F
Ted,264.0,74360.0,74624,5.64072433869,M
Colton,128.0,74445.0,74573,6.36578561277,M
Nelson,409.0,73786.0,74195,5.19520913465,M
Shelley,72351.0,1750.0,74101,-3.72191348675,F
Kendall,42539.0,31553.0,74092,-0.298752630579,F
Meredith,69649.0,4249.0,73898,-2.79678468149,F
Dwayne,458.0,73437.0,73895,5.07731399067,M
Janie,73400.0,276.0,73676,-5.58327834889,F
Micah,9833.0,63589.0,73422,1.86669642361,M
Beulah,72991.0,213.0,73204,-5.83679925915,F
Irma,72795.0,251.0,73046,-5.66994961138,F
Dalton,369.0,72657.0,73026,5.28270837269,M
Brady,1477.0,71432.0,72909,3.87873294467,M
Abraham,176.0,72714.0,72890,6.02380522216,M
Drew,5540.0,66960.0,72500,2.49210092542,M
Krista,72332.0,148.0,72480,-6.19180963674,F
Krystal,72277.0,190.0,72467,-5.94123716643,F
Ramon,534.0,71727.0,72261,4.90022668578,M
Virgil,1444.0,70640.0,72084,3.89017951583,M
Nicolas,174.0,70794.0,70968,6.00847423111,M
Mathew,207.0,70616.0,70823,5.83229323343,M
Alberta,70213.0,399.0,70612,-5.17032734116,F
Julius,410.0,70196.0,70606,5.14288944864,M
Frankie,31684.0,38905.0,70589,0.205310955467,M
Liam,142.0,70403.0,70545,6.20616409727,M
Belinda,70367.0,150.0,70517,-6.15084438815,F
Angelo,843.0,69635.0,70478,4.41405563549,M
Iris,69636.0,638.0,70274,-4.69269867063,F
Shaun,3078.0,67005.0,70083,3.08048720806,M
Morris,484.0,69513.0,69997,4.9671841577,M
Kristy,69775.0,179.0,69954,-5.96564525256,F
Isabelle,69888.0,20.0,69908,-8.15891696611,F
Parker,5871.0,63918.0,69789,2.38757603478,M
Andres,439.0,69209.0,69648,5.06038677788,M
Dominique,48873.0,20641.0,69514,-0.8619457077,F
Terrence,526.0,68974.0,69500,4.87618368824,M
Rafael,567.0,68603.0,69170,4.79573224081,M
Clifton,436.0,68660.0,69096,5.05927982366,M
Verna,68530.0,524.0,69054,-4.87353520026,F
Kate,68948.0,87.0,69035,-6.67519975762,F
Jeannette,68796.0,49.0,68845,-7.24708058459,F
Rebekah,68678.0,119.0,68797,-6.35806070092,F
Rene,21561.0,47099.0,68660,0.78136564222,M
Gabriela,68192.0,370.0,68562,-5.21657952926,F
Opal,67757.0,718.0,68475,-4.54721348539,F
Ariel,53569.0,14794.0,68363,-1.28674884939,F
Stuart,314.0,67850.0,68164,5.37566167935,M
Inez,66927.0,932.0,67859,-4.27402493746,F
Sergio,352.0,67344.0,67696,5.25393791541,M
Jaden,12427.0,55237.0,67664,1.49176149377,M
Kent,171.0,67320.0,67491,5.9755490918,M
Jade,62358.0,5039.0,67397,-2.51568432214,F
Armando,367.0,66795.0,67162,5.20402165837,M
Kirk,196.0,66890.0,67086,5.83269009888,M
Candice,66782.0,156.0,66938,-6.05933285489,F
Flora,66747.0,173.0,66920,-5.95537303693,F
Pat,40123.0,26714.0,66837,-0.406761963416,F
Terrance,750.0,65955.0,66705,4.47665476375,M
Ramona,66403.0,248.0,66651,-5.590068769,F
Faye,66110.0,518.0,66628,-4.84910005807,F
Donnie,7111.0,59400.0,66511,2.12265134547,M
Maxwell,142.0,66210.0,66352,6.14475973032,M
Della,66118.0,144.0,66262,-6.12938300387,F
Gayle,61263.0,4948.0,66211,-2.51619261727,F
Ariana,65846.0,158.0,66004,-6.03247892818,F
Luther,440.0,65343.0,65783,5.00063087087,M
Daryl,4376.0,61398.0,65774,2.64124219621,M
Brayden,798.0,64969.0,65767,4.39955691459,M
Bianca,65276.0,195.0,65471,-5.81338015469,F
Sofia,65236.0,72.0,65308,-6.80910062376,F
Collin,385.0,64532.0,64917,5.1216731695,M
Summer,64508.0,194.0,64702,-5.80668636704,F
Wade,162.0,64540.0,64702,5.98744413037,M
Adrienne,64238.0,356.0,64594,-5.19541948403,F
Ashton,17261.0,47172.0,64433,1.00535087482,M
Rosalie,64066.0,96.0,64162,-6.5033208895,F
Marianne,64068.0,49.0,64117,-7.17588000018,F
Sonya,63754.0,183.0,63937,-5.85330105331,F
Eli,518.0,63325.0,63843,4.80606023261,M
Maya,63521.0,127.0,63648,-6.21493875241,F
Dave,114.0,63320.0,63434,6.3197580656,M
Sonia,63045.0,283.0,63328,-5.40615713846,F
Cheyenne,60413.0,2594.0,63007,-3.14800322768,F
Fredrick,259.0,62577.0,62836,5.48732501574,M
Jonathon,224.0,62470.0,62694,5.63079566863,M
Marcella,62403.0,222.0,62625,-5.63869124825,F
Patty,62370.0,247.0,62617,-5.53145133289,F
Cesar,310.0,62193.0,62503,5.30142543472,M
Nichole,62316.0,184.0,62500,-5.82503773602,F
Lynne,61787.0,457.0,62244,-4.90676487444,F
Yvette,62017.0,186.0,62203,-5.80941714628,F
Marco,338.0,61615.0,61953,5.20561473089,M
Bennie,9673.0,51915.0,61588,1.68026926656,M
Robyn,60242.0,1159.0,61401,-3.95081221911,F
Maryann,61202.0,52.0,61254,-7.07069142912,F
Rickey,674.0,60558.0,61232,4.49812675155,M
Olga,60948.0,198.0,61146,-5.72950928989,F
Dallas,9105.0,51934.0,61039,1.74114996848,M
Homer,367.0,60470.0,60837,5.10454080521,M
Erick,406.0,60363.0,60769,5.00177845383,M
Sheri,60328.0,119.0,60447,-6.22842812677,F
Felix,506.0,59385.0,59891,4.76526027892,M
Gracie,59589.0,45.0,59634,-7.18856378249,F
Madelyn,59279.0,33.0,59312,-7.49350282927,F
Trinity,56649.0,2567.0,59216,-3.09413643318,F
Nolan,187.0,58720.0,58907,5.74942704643,M
Earnest,726.0,57894.0,58620,4.37881901642,M
Angie,58444.0,127.0,58571,-6.13163722333,F
Kari,57904.0,594.0,58498,-4.57966242644,F
Damon,316.0,58152.0,58468,5.21507333758,M
Kristopher,297.0,58088.0,58385,5.27598224226,M
Damian,298.0,58064.0,58362,5.27220764295,M
Camille,56596.0,1322.0,57918,-3.7567925699,F
Dillon,416.0,57025.0,57441,4.92055978689,M
Hubert,189.0,57019.0,57208,5.70939280955,M
Lyle,944.0,56237.0,57181,4.0872040161,M
Otis,887.0,56255.0,57142,4.1498052227,M
Ira,5124.0,52009.0,57133,2.31748139649,M
Loren,11430.0,45505.0,56935,1.38158073222,M
Arianna,56713.0,45.0,56758,-7.13909625056,F
Wilbur,290.0,56456.0,56746,5.2713359297,M
Gerard,112.0,56583.0,56695,6.22496499442,M
Myra,56592.0,51.0,56643,-7.01179727872,F
Malcolm,119.0,56455.0,56574,6.1620756465,M
Roxanne,56495.0,55.0,56550,-6.93457423241,F
Carly,56369.0,160.0,56529,-5.86450082575,F
Josiah,257.0,56176.0,56433,5.38716881351,M
Alberto,447.0,55881.0,56328,4.82842111409,M
Kaleb,179.0,55909.0,56088,5.74409484213,M
Ollie,40529.0,15526.0,56055,-0.959501729271,F
Laverne,42863.0,13141.0,56004,-1.18227186927,F
Emmanuel,303.0,55405.0,55708,5.20869231586,M
Tabitha,55514.0,146.0,55660,-5.94078389847,F
Jada,55392.0,232.0,55624,-5.47545308631,F
Kaitlin,55504.0,75.0,55579,-6.60672225567,F
Julio,422.0,54833.0,55255,4.86704216744,M
Muriel,54490.0,762.0,55252,-4.26982592189,F
Dianna,54838.0,64.0,54902,-6.75325557992,F
Elena,54782.0,93.0,54875,-6.37851745867,F
Erma,54604.0,238.0,54842,-5.43559174545,F
Rex,140.0,54684.0,54824,5.96768401844,M
Joey,5625.0,48999.0,54624,2.16457894165,M
Payton,34308.0,20292.0,54600,-0.525151843424,F
Dominick,260.0,54112.0,54372,5.33812962068,M
Horace,202.0,53782.0,53984,5.58442642028,M
Harrison,167.0,53610.0,53777,5.7714970844,M
Salvatore,81.0,53608.0,53689,6.49500443498,M
Neal,257.0,53349.0,53606,5.33553442752,M
Geoffrey,140.0,53326.0,53466,5.94253687348,M
Lila,53295.0,57.0,53352,-6.84054652929,F
Miles,131.0,53167.0,53298,6.00599585891,M
Noel,12577.0,40702.0,53279,1.17440748223,M
Brooklyn,52336.0,901.0,53237,-4.06193449217,F
Alisha,53090.0,131.0,53221,-6.00454654238,F
Wendell,562.0,52575.0,53137,4.53849415068,M
Lorenzo,303.0,52775.0,53078,5.16006006721,M
Rudolph,197.0,52873.0,53070,5.59244436184,M
Vicky,52614.0,438.0,53052,-4.78851861263,F
Karina,52714.0,252.0,52966,-5.34320726639,F
Mable,52641.0,215.0,52856,-5.50061253465,F
Bernadette,52613.0,60.0,52673,-6.77637395426,F
Cristian,1078.0,51264.0,52342,3.86188127896,M
Cecelia,52329.0,11.0,52340,-8.46741071689,F
Traci,51967.0,233.0,52200,-5.40732572716,F
Willis,822.0,51346.0,52168,4.13460192048,M
Celeste,52097.0,56.0,52153,-6.83551095377,F
Gretchen,52023.0,38.0,52061,-7.22185504774,F
Kelley,45702.0,6057.0,51759,-2.02092743262,F
Enrique,260.0,51479.0,51739,5.28824760549,M
Abby,51548.0,181.0,51729,-5.65177166014,F
Lora,51385.0,249.0,51634,-5.32964868359,F
Celia,51473.0,74.0,51547,-6.54474758412,F
Kirsten,51320.0,211.0,51531,-5.49397768525,F
Harley,15513.0,35837.0,51350,0.837302497164,M
Estelle,51147.0,159.0,51306,-5.77355491641,F
Aimee,51161.0,78.0,51239,-6.48602397533,F
Nadine,51119.0,43.0,51162,-7.08071141135,F
Tommie,17211.0,33844.0,51055,0.676213016774,M
Elise,50883.0,51.0,50934,-6.90545852582,F
Alfredo,285.0,50536.0,50821,5.17795205231,M
Archie,1260.0,49431.0,50691,3.66946603678,M
Valeria,50523.0,91.0,50614,-6.31932445061,F
Kellie,50156.0,354.0,50510,-4.95359651418,F
Henrietta,50311.0,56.0,50367,-6.80062732932,F
Cassidy,46946.0,2925.0,49871,-2.77570352432,F
Sallie,49579.0,135.0,49714,-5.90604785752,F
Rosemarie,49632.0,33.0,49665,-7.31588350451,F
Arturo,209.0,49450.0,49659,5.46638308509,M
Edmund,60.0,49599.0,49659,6.717381389,M
Cristina,49255.0,270.0,49525,-5.20634420529,F
Israel,847.0,48574.0,49421,4.04914299266,M
Nettie,49191.0,88.0,49279,-6.32612914444,F
Aaliyah,49094.0,60.0,49154,-6.7071475445,F
Kenny,500.0,48589.0,49089,4.5765443484,M
Randolph,112.0,48885.0,48997,6.07872700864,M
Mallory,47895.0,1095.0,48990,-3.77825675157,F
Janis,48551.0,164.0,48715,-5.69050364301,F
Cara,48627.0,62.0,48689,-6.66479982614,F
Colby,3454.0,45197.0,48651,2.57149773323,M
Elias,148.0,48456.0,48604,5.7911991749,M
Janelle,48315.0,86.0,48401,-6.33115005418,F
Nick,132.0,48229.0,48361,5.90091385628,M
Skyler,16727.0,31454.0,48181,0.631501980739,M
Josie,47670.0,452.0,48122,-4.65837536837,F
Carlton,282.0,47821.0,48103,5.13331308161,M
May,47379.0,699.0,48078,-4.2162836293,F
Simon,136.0,47941.0,48077,5.86507148144,M
Alec,331.0,47716.0,48047,4.97090367502,M
Jaclyn,47707.0,103.0,47810,-6.1381044284,F
Shelia,47662.0,111.0,47773,-6.06235951237,F
Lacey,46195.0,1440.0,47635,-3.46822845353,F
Betsy,47429.0,10.0,47439,-8.46440404195,F
Garry,179.0,47228.0,47407,5.57535641019,M
Trenton,78.0,47323.0,47401,6.40804288753,M
Caitlyn,47359.0,34.0,47393,-7.23915162985,F
Eula,47020.0,332.0,47352,-4.95319335318,F
Skylar,33201.0,14149.0,47350,-0.852936045737,F
Leland,369.0,46955.0,47324,4.8461483312,M
Daniela,47034.0,163.0,47197,-5.66487582261,F
Marisa,47093.0,66.0,47159,-6.57022490698,F
Olive,46744.0,349.0,47093,-4.89736926203,F
Donovan,199.0,46859.0,47058,5.46159354695,M
Kelvin,304.0,46741.0,47045,5.03534930141,M
Cooper,914.0,46061.0,46975,3.9198913125,M
Johanna,46844.0,129.0,46973,-5.8947658068,F
Rudy,950.0,45849.0,46799,3.8766466826,M
Delbert,122.0,46620.0,46742,5.94576386786,M
Forrest,940.0,45792.0,46732,3.88598480709,M
Rochelle,46323.0,402.0,46725,-4.74694178837,F
Callie,45878.0,627.0,46505,-4.29279443768,F
Benny,559.0,45843.0,46402,4.40682832112,M
Christie,45515.0,882.0,46397,-3.94360516493,F
Bryant,232.0,46087.0,46319,5.29154882189,M
Darius,272.0,45993.0,46265,5.13044242368,M
Doreen,46089.0,58.0,46147,-6.67788657825,F
Gerardo,239.0,45871.0,46110,5.25712483616,M
Raquel,45758.0,281.0,46039,-5.09276724947,F
Trent,102.0,45802.0,45904,6.10711022399,M
Alton,376.0,45482.0,45858,4.79548277888,M
Lottie,45624.0,132.0,45756,-5.84538725025,F
Maude,45410.0,133.0,45543,-5.83313849587,F
Latoya,45301.0,185.0,45486,-5.5007285612,F
Paulette,45386.0,65.0,45451,-6.54857169653,F
Lana,45379.0,15.0,45394,-8.01475452085,F
Roderick,263.0,45015.0,45278,5.14259701436,M
Ginger,45205.0,41.0,45246,-7.00539091247,F
Corinne,45217.0,15.0,45232,-8.0111782002,F
Giovanni,785.0,44331.0,45116,4.03375576779,M
Shawna,45004.0,105.0,45109,-6.06054630353,F
Damien,254.0,44847.0,45101,5.1736777086,M
Michaela,45015.0,69.0,45084,-6.48064454195,F
Merle,14711.0,30297.0,45008,0.722453184444,M
Mikayla,44936.0,11.0,44947,-8.31509926141,F
Alejandra,44405.0,518.0,44923,-4.45113211243,F
Patti,44658.0,46.0,44704,-6.8781473451,F
Hayley,44538.0,46.0,44584,-6.87545663986,F
Leigh,39526.0,5046.0,44572,-2.058362833,F
Nevaeh,44181.0,340.0,44521,-4.86710449378,F
Kennedy,39042.0,5471.0,44513,-1.96517657466,F
Ora,38763.0,5571.0,44334,-1.93989161237,F
Mckenzie,42276.0,2039.0,44315,-3.03176005755,F
Mona,44283.0,31.0,44314,-7.26436893072,F
Myron,464.0,43745.0,44209,4.54624804731,M
Natalia,44134.0,47.0,44181,-6.84483813773,F
Mollie,44057.0,46.0,44103,-6.86459813258,F
Ernestine,43942.0,159.0,44101,-5.6217216593,F
Cassie,43713.0,385.0,44098,-4.73215748539,F
Gage,189.0,43894.0,44083,5.4477859004,M
Teri,43809.0,214.0,44023,-5.32161853969,F
Allyson,43923.0,21.0,43944,-7.64567094214,F
Alana,43836.0,30.0,43866,-7.28701329492,F
Orlando,242.0,43489.0,43731,5.19132558538,M
Caden,691.0,43005.0,43696,4.13093184322,M
Salvador,183.0,43485.0,43668,5.47068517718,M
Winifred,42525.0,1106.0,43631,-3.64934223518,F
Effie,43261.0,241.0,43502,-5.19020988179,F
Jonah,411.0,42967.0,43378,4.64959444368,M
Addie,42404.0,718.0,43122,-4.07852840734,F
Laurel,41264.0,1854.0,43118,-3.102644982,F
Eloise,42943.0,111.0,43054,-5.95809873261,F
Sammy,1464.0,41548.0,43012,3.34567696983,M
Marcos,162.0,42832.0,42994,5.57744443053,M
Mercedes,42613.0,369.0,42982,-4.74911800598,F
Will,662.0,42233.0,42895,4.15569162901,M
Pete,170.0,42656.0,42826,5.52512478593,M
Sylvester,623.0,42196.0,42819,4.21553419001,M
Irving,85.0,42666.0,42751,6.21850637262,M
Wilson,172.0,42560.0,42732,5.5111756472,M
Jana,42654.0,39.0,42693,-6.99731468903,F
Jewel,37562.0,5086.0,42648,-1.99950123406,F
Elisabeth,42578.0,27.0,42605,-7.36325610093,F
Robbie,22161.0,20394.0,42555,-0.0830932472727,F
Ashlee,42101.0,258.0,42359,-5.09486718744,F
Lorena,42106.0,219.0,42325,-5.25887379751,F
Freda,42295.0,26.0,42321,-7.39432761672,F
Emanuel,76.0,42244.0,42320,6.32048427058,M
Lynette,42229.0,53.0,42282,-6.68057055425,F
Kaden,876.0,41290.0,42166,3.85300952794,M
Selena,42015.0,57.0,42072,-6.60273070853,F
Juliana,41764.0,43.0,41807,-6.87858988772,F
Dixie,40909.0,752.0,41661,-3.99636904277,F
Conner,732.0,40921.0,41653,4.02361814373,M
Mandy,41468.0,138.0,41606,-5.70542363929,F
Kiara,41340.0,221.0,41561,-5.23142313172,F
Allie,38405.0,3106.0,41511,-2.51485193472,F
Mindy,41222.0,67.0,41289,-6.42203475401,F
Roman,150.0,41134.0,41284,5.61395501501,M
Carroll,5903.0,35314.0,41217,1.78881878962,M
Jasmin,40601.0,584.0,41185,-4.241646993,F
Lela,41094.0,68.0,41162,-6.40410969925,F
Kasey,30458.0,10699.0,41157,-1.04619840627,F
Leticia,40878.0,215.0,41093,-5.24770927187,F
Lowell,347.0,40730.0,41077,4.7653954207,M
Darla,40938.0,27.0,40965,-7.32397714004,F
Cleo,29643.0,11274.0,40917,-0.966726820222,F
Meagan,40763.0,72.0,40835,-6.33886396718,F
Shari,40778.0,46.0,40824,-6.78725660279,F
Essie,39087.0,1212.0,40299,-3.47351804324,F
Katharine,40226.0,11.0,40237,-8.20437355891,F
Ty,661.0,39533.0,40194,4.09113720529,M
Eliza,39886.0,183.0,40069,-5.38429451127,F
Grady,630.0,39419.0,40049,4.13628339317,M
Tricia,39938.0,88.0,40026,-6.11774671613,F
Gianna,39806.0,22.0,39828,-7.50073048032,F
Clark,114.0,39689.0,39803,5.8526309018,M
Wilbert,178.0,39555.0,39733,5.40366383716,M
Etta,39690.0,23.0,39713,-7.45336032985,F
Nikki,38723.0,874.0,39597,-3.79110864207,F
Ernesto,121.0,39451.0,39572,5.7870241289,M
Adeline,39384.0,15.0,39399,-7.87306472034,F
Jermaine,967.0,38319.0,39286,3.67950264026,M
Justine,36926.0,2350.0,39276,-2.75450058182,F
Laurence,444.0,38769.0,39213,4.46955167476,M
Trisha,39123.0,52.0,39175,-6.62322208974,F
Lorene,39058.0,113.0,39171,-5.84541518113,F
Leonardo,110.0,39007.0,39117,5.87101603039,M
Esmeralda,38852.0,180.0,39032,-5.37455798363,F
Stacie,38771.0,194.0,38965,-5.29756966441,F
Sherman,203.0,38639.0,38842,5.24881142903,M
Cedric,278.0,38441.0,38719,4.92925876362,M
Ellis,2124.0,36554.0,38678,2.84548951595,M
Ebony,38201.0,455.0,38656,-4.43031955331,F
Brody,152.0,38503.0,38655,5.53461091847,M
Pablo,69.0,38517.0,38586,6.32474847666,M
Margarita,38367.0,195.0,38562,-5.28195343554,F
Junior,195.0,38345.0,38540,5.28137986164,M
Lilly,38383.0,24.0,38407,-7.37731610187,F
Lizzie,38256.0,102.0,38358,-5.92708287641,F
Sonja,38298.0,44.0,38342,-6.76896332057,F
Bettie,38226.0,83.0,38309,-6.13243058355,F
Jordyn,34986.0,3309.0,38295,-2.35830195253,F
Irvin,74.0,38104.0,38178,6.24400944928,M
Kristie,38119.0,44.0,38163,-6.76427849056,F
Woodrow,139.0,38004.0,38143,5.6109727632,M
Rena,37974.0,123.0,38097,-5.73247263863,F
Braden,261.0,37808.0,38069,4.9757555921,M
Lesley,33169.0,4776.0,37945,-1.93801232869,F
Tami,37821.0,91.0,37912,-6.02976027638,F
Toby,7136.0,30635.0,37771,1.4569907509,M
Josue,177.0,37590.0,37767,5.35834360398,M
Kimberley,37491.0,235.0,37726,-5.07227066901,F
Alfonso,109.0,37615.0,37724,5.84381030377,M
Marla,37667.0,38.0,37705,-6.89895349882,F
Alonzo,154.0,37520.0,37674,5.49567680071,M
Bonita,37613.0,12.0,37625,-8.05019836451,F
Elisa,37392.0,132.0,37524,-5.64641013419,F
Iva,36843.0,564.0,37407,-4.17936666878,F
Ervin,138.0,37267.0,37405,5.59860981038,M
Roosevelt,236.0,37048.0,37284,5.05613784313,M
Tessa,37199.0,13.0,37212,-7.95908780072,F
Yesenia,36878.0,314.0,37192,-4.76597746036,F
Carolina,37031.0,137.0,37168,-5.59952975285,F
Raven,34397.0,2703.0,37100,-2.54360708398,F
Chance,951.0,36104.0,37055,3.63664487896,M
Estella,36961.0,55.0,37016,-6.51028539643,F
Kerri,36662.0,348.0,37010,-4.6572935955,F
Malik,241.0,36766.0,37007,5.02753185055,M
Mya,36888.0,41.0,36929,-6.80206950718,F
Lou,33491.0,3375.0,36866,-2.2948814217,F
Ashlyn,36657.0,44.0,36701,-6.72517005107,F
Layla,36623.0,44.0,36667,-6.7242421034,F
Stefanie,36543.0,43.0,36586,-6.74504481267,F
Adele,36529.0,11.0,36540,-8.10796647186,F
Fern,36019.0,508.0,36527,-4.26132040841,F
Gregg,113.0,36338.0,36451,5.77323148595,M
Lucinda,36247.0,11.0,36258,-8.10021662544,F
Mack,180.0,36050.0,36230,5.29970529182,M
Genesis,34783.0,1352.0,36135,-3.24754378405,F
Cheri,35954.0,12.0,35966,-8.00508897282,F
Goldie,35468.0,435.0,35903,-4.40104012941,F
Kylee,35467.0,374.0,35841,-4.55210216826,F
Jeannie,35748.0,55.0,35803,-6.47691641727,F
Quentin,179.0,35611.0,35790,5.29302405204,M
Ron,70.0,35706.0,35776,6.23457877882,M
Rufus,151.0,35587.0,35738,5.4624558448,M
Serena,35689.0,16.0,35705,-7.7100090748,F
Fay,31527.0,4117.0,35644,-2.03571957876,F
Nickolas,47.0,35497.0,35544,6.62705586314,M
Adrianna,35488.0,18.0,35506,-7.58657813225,F
Tammie,35325.0,130.0,35455,-5.6048117571,F
Francine,35440.0,11.0,35451,-8.07770113192,F
Marty,3987.0,31462.0,35449,2.0657414,M
Jazmin,35173.0,221.0,35394,-5.06987132028,F
Sheldon,496.0,34870.0,35366,4.25280621294,M
Tasha,35211.0,106.0,35317,-5.80567471866,F
Clarissa,35279.0,21.0,35300,-7.42652072732,F
Leila,35277.0,6.0,35283,-8.67922700326,F
Cornelius,642.0,34639.0,35281,3.98814719021,M
Dante,436.0,34807.0,35243,4.37993155161,M
Brock,75.0,35152.0,35227,6.14994868109,M
Reba,35138.0,60.0,35198,-6.3726938827,F
August,2482.0,32636.0,35118,2.57635128678,M
Alissa,35081.0,31.0,35112,-7.03142774787,F
Sherrie,35045.0,11.0,35056,-8.06649295614,F
Alexia,34998.0,44.0,35042,-6.67885656206,F
Orville,155.0,34856.0,35011,5.41555545088,M
Annabelle,34993.0,5.0,34998,-8.85346540803,F
Chandler,6612.0,28355.0,34967,1.45591720151,M
Ivy,31687.0,3229.0,34916,-2.28373401036,F
Melba,34809.0,52.0,34861,-6.50638753443,F
Bette,34770.0,22.0,34792,-7.36546777164,F
Delia,34688.0,62.0,34750,-6.32701469975,F
Terrell,1585.0,33159.0,34744,3.04072976567,M
Deloris,34648.0,93.0,34741,-5.92039578974,F
Ronda,34269.0,359.0,34628,-4.55867404591,F
Therese,34623.0,5.0,34628,-8.84283556765,F
Clay,263.0,34363.0,34626,4.87258165094,M
Saul,74.0,34542.0,34616,6.1458661607,M
Patrice,33848.0,731.0,34579,-3.83522173265,F
Dewey,546.0,33978.0,34524,4.1308495596,M
Lucile,34413.0,96.0,34509,-5.88184148748,F
Moses,45.0,34343.0,34388,6.63749100254,M
Liliana,34162.0,157.0,34319,-5.38262338885,F
Emmett,67.0,34217.0,34284,6.23578525618,M
Nadia,34084.0,62.0,34146,-6.3094489599,F
Bert,657.0,33410.0,34067,3.92892651687,M
Jalen,1537.0,32281.0,33818,3.0446463573,M
Lenora,33655.0,31.0,33686,-6.98992970796,F
Elliott,1293.0,32385.0,33678,3.22073025285,M
Zane,439.0,33222.0,33661,4.32646817298,M
Dorothea,33620.0,6.0,33626,-8.63111693773,F
Jewell,29006.0,4586.0,33592,-1.8444945207,F
Reagan,28441.0,5137.0,33578,-1.71136251458,F
Tyson,283.0,33259.0,33542,4.76663378851,M
Tori,32377.0,1072.0,33449,-3.40792223152,F
Elbert,97.0,33319.0,33416,5.83917210532,M
Quinn,8960.0,24438.0,33398,1.00336907091,M
Ina,33327.0,65.0,33392,-6.23973588835,F
Antonia,30768.0,2600.0,33368,-2.47096374382,F
Angeline,33358.0,10.0,33368,-8.11246780964,F
Ayden,1548.0,31772.0,33320,3.0216216236,M
Santiago,68.0,33171.0,33239,6.18992357403,M
Anastasia,33212.0,23.0,33235,-7.27517231945,F
Terence,170.0,33044.0,33214,5.26979684863,M
Pam,33127.0,23.0,33150,-7.2726097229,F
Demetrius,1727.0,31332.0,33059,2.89825414034,M
Janine,32988.0,11.0,32999,-8.00600386515,F
Abel,82.0,32898.0,32980,5.99444789737,M
Britney,32874.0,83.0,32957,-5.98159674297,F
Rachelle,32918.0,37.0,32955,-6.79085698696,F
Teddy,1373.0,31538.0,32911,3.1341950412,M
Trey,97.0,32789.0,32886,5.82313739377,M
Gustavo,104.0,32726.0,32830,5.75153424885,M
Marina,32768.0,51.0,32819,-6.46538207567,F
Charity,32702.0,39.0,32741,-6.73162987096,F
Hanna,32569.0,108.0,32677,-5.70898496757,F
Tracie,32433.0,218.0,32651,-5.00243663917,F
Mickey,6367.0,26220.0,32587,1.4153940773,M
Diamond,30330.0,2047.0,32377,-2.69576201502,F
Madeleine,32265.0,10.0,32275,-8.07915323738,F
Trina,32185.0,30.0,32215,-6.97805840282,F
Gale,19870.0,12307.0,32177,-0.479042850374,F
Christa,32099.0,27.0,32126,-7.08074328998,F
Kyla,32045.0,29.0,32074,-7.00760061395,F
Ken,25.0,32031.0,32056,7.15558363798,M
Darin,349.0,31681.0,32030,4.50840048888,M
Julianna,31992.0,20.0,32012,-7.37750887697,F
Conrad,16.0,31943.0,31959,7.59911962123,M
Dena,31899.0,56.0,31955,-6.34497824958,F
Keri,31623.0,324.0,31947,-4.58089646713,F
Rylee,28686.0,3162.0,31848,-2.20520446008,F
Elva,31029.0,812.0,31841,-3.64317718988,F
Giselle,31797.0,44.0,31841,-6.58293759078,F
Lucia,31654.0,91.0,31745,-5.85176029538,F
Bryson,177.0,31537.0,31714,5.18276700611,M
Fabian,327.0,31362.0,31689,4.56339207704,M
Aurora,31537.0,48.0,31585,-6.48771572777,F
Lane,3246.0,28305.0,31551,2.1656149984,M
Percy,570.0,30975.0,31545,3.99529934567,M
Lamar,775.0,30746.0,31521,3.68065215412,M
Myrna,31471.0,42.0,31513,-6.61915214757,F
Janette,31438.0,42.0,31480,-6.618103013,F
Alisa,31438.0,22.0,31460,-7.26473017793,F
Bradford,39.0,31190.0,31229,6.68429116347,M
Sasha,30025.0,1197.0,31222,-3.22221194139,F
Clint,54.0,31165.0,31219,6.35806690268,M
Tia,31152.0,64.0,31216,-6.18775064425,F
Rodolfo,83.0,31088.0,31171,5.92573656382,M
Mayra,30819.0,345.0,31164,-4.49234224485,F
Emil,134.0,30950.0,31084,5.44228847816,M
Amos,64.0,30748.0,30812,6.17469714711,M
Alondra,30680.0,111.0,30791,-5.62183605417,F
Ashleigh,30666.0,83.0,30749,-5.9120692202,F
Stewart,80.0,30623.0,30703,5.94748000492,M
Ellie,29553.0,1093.0,30646,-3.29725905235,F
Doyle,253.0,30214.0,30467,4.78267118338,M
Ciara,30433.0,7.0,30440,-8.3773726759,F
Jodie,26837.0,3543.0,30380,-2.0248077065,F
Jazmine,30191.0,99.0,30290,-5.72017929557,F
Chelsey,30211.0,65.0,30276,-6.14157410556,F
Latasha,30112.0,114.0,30226,-5.57648059399,F
Marisol,29907.0,315.0,30222,-4.55327520687,F
Emilio,57.0,30100.0,30157,6.2692291829,M
Ola,29441.0,624.0,30065,-3.85399317129,F
Kyra,30031.0,23.0,30054,-7.17449124453,F
Reese,16449.0,13500.0,29949,-0.197574999646,F
Ismael,73.0,29720.0,29793,6.00911605768,M
Randi,28655.0,1118.0,29773,-3.24378657327,F
Cherie,29742.0,26.0,29768,-7.04221892923,F
Cathleen,29671.0,10.0,29681,-7.9953403238,F
Bret,226.0,29339.0,29565,4.86613796868,M
Tatiana,29479.0,35.0,29514,-6.73608536294,F
Dina,29393.0,76.0,29469,-5.95777848945,F
Darrel,122.0,29323.0,29445,5.48210642527,M
Daphne,29437.0,7.0,29444,-8.34409751642,F
Clare,26342.0,3051.0,29393,-2.15569521784,F
Blaine,929.0,28445.0,29374,3.42161893837,M
Zoey,29214.0,139.0,29353,-5.34792939228,F
Jamal,266.0,29069.0,29335,4.69393128445,M
Cary,5279.0,24055.0,29334,1.51660618931,M
Dick,48.0,29265.0,29313,6.41294653082,M
Shana,29154.0,113.0,29267,-5.55295958492,F
Eugenia,29222.0,15.0,29237,-7.57462692813,F
Asia,29040.0,191.0,29231,-5.02415604089,F
Carey,12627.0,16588.0,29215,0.272842163928,M
Kassandra,29102.0,16.0,29118,-7.50597345708,F
Luella,29100.0,16.0,29116,-7.50590473092,F
Wilfred,103.0,29009.0,29112,5.64063241742,M
Otto,100.0,28976.0,29076,5.66905299414,M
Sterling,1751.0,27246.0,28997,2.74471966804,M
Malachi,160.0,28807.0,28967,5.19319987691,M
Darnell,2377.0,26582.0,28959,2.41439510662,M
Darrin,133.0,28797.0,28930,5.37767736581,M
Randal,132.0,28783.0,28915,5.38473829148,M
Jasper,497.0,28398.0,28895,4.04548397304,M
Louie,2167.0,26692.0,28859,2.51102017249,M
Debora,28826.0,28.0,28854,-6.93682852647,F
Polly,28790.0,24.0,28814,-7.08972955326,F
Hillary,27502.0,1261.0,28763,-3.08235367232,F
Mariana,28661.0,84.0,28745,-5.83247579377,F
Alta,28516.0,117.0,28633,-5.49604667744,F
Dane,365.0,28199.0,28564,4.34714444172,M
Jolene,28500.0,12.0,28512,-7.77275271647,F
Lea,27887.0,620.0,28507,-3.80619643136,F
Bella,28385.0,18.0,28403,-7.36324435771,F
Elliot,1260.0,27136.0,28396,3.06974953865,M
Zachery,38.0,28339.0,28377,6.61440806708,M
Karin,28167.0,129.0,28296,-5.38609395456,F
Graham,85.0,28172.0,28257,5.80343259937,M
Joni,27805.0,444.0,28249,-4.13714657719,F
Kira,28217.0,27.0,28244,-6.95184304617,F
Reuben,45.0,28105.0,28150,6.43704028567,M
Gwen,27841.0,294.0,28135,-4.550685266,F
Myles,87.0,28036.0,28123,5.77533655897,M
Shanna,28031.0,88.0,28119,-5.76372950511,F
Jayne,28023.0,32.0,28055,-6.77504497774,F
Matilda,27962.0,10.0,27972,-7.93601663155,F
Lorna,27918.0,22.0,27940,-7.14598446771,F
Paris,19781.0,8128.0,27909,-0.889406990198,F
Candy,27779.0,100.0,27879,-5.62686543255,F
Leola,27818.0,53.0,27871,-6.26314665861,F
Sammie,7333.0,20454.0,27787,1.02579375327,M
Shauna,27729.0,55.0,27784,-6.2229008907,F
Dexter,217.0,27417.0,27634,4.8390211844,M
Delaney,26570.0,1038.0,27608,-3.24248697503,F
Grayson,2474.0,25125.0,27599,2.31802709241,M
Lionel,44.0,27517.0,27561,6.43836964056,M
Makenzie,27286.0,267.0,27553,-4.62688037072,F
Rosetta,27489.0,44.0,27533,-6.43735156972,F
Felipe,133.0,27375.0,27508,5.3270363389,M
Hallie,26112.0,1335.0,27447,-2.97346368693,F
Griffin,440.0,26902.0,27342,4.11318118536,M
Zackary,6.0,27328.0,27334,8.42390762736,M
Marlon,335.0,26917.0,27252,4.38638280442,M
Jaylen,3082.0,24156.0,27238,2.05895405955,M
Guillermo,74.0,27142.0,27216,5.90477252944,M
Imogene,27153.0,55.0,27208,-6.20190963126,F
Van,1538.0,25543.0,27081,2.80988043543,M
Brennan,1634.0,25434.0,27068,2.74505586516,M
Ali,8123.0,18920.0,27043,0.845520019555,M
Jayla,26908.0,51.0,26959,-6.26835328642,F
Shayla,26902.0,17.0,26919,-7.36674256821,F
Kris,13372.0,13536.0,26908,0.012189834306,M
Grover,92.0,26768.0,26860,5.67317384618,M
Mckenna,26672.0,183.0,26855,-4.98188345215,F
Hugo,30.0,26640.0,26670,6.78897174299,M
Jace,424.0,26237.0,26661,4.12519245202,M
Tania,26518.0,60.0,26578,-6.09123446445,F
Carissa,26537.0,12.0,26549,-7.70138861478,F
Solomon,11.0,26523.0,26534,7.78787228728,M
Jayson,32.0,26502.0,26534,6.71923957802,M
Keegan,2401.0,24098.0,26499,2.30624353226,M
Nell,26354.0,98.0,26452,-5.59440786643,F
Desmond,228.0,26189.0,26417,4.74374912531,M
Boyd,65.0,26333.0,26398,6.00419091458,M
Charley,3700.0,22664.0,26364,1.81244494288,M
Cierra,26316.0,36.0,26352,-6.59441345975,F
Elvira,26254.0,44.0,26298,-6.39138400345,F
Ed,165.0,26110.0,26275,5.06412818779,M
Gilberto,58.0,26145.0,26203,6.11097023608,M
Alaina,26148.0,6.0,26154,-8.3797685155,F
Dawson,336.0,25808.0,26144,4.3413286404,M
Katelynn,26109.0,11.0,26120,-7.77214008866,F
Heath,181.0,25861.0,26042,4.96199429007,M
Selma,25673.0,321.0,25994,-4.38175401185,F
Johnie,5120.0,20794.0,25914,1.4015100445,M
Branden,330.0,25565.0,25895,4.34988685305,M
Jerald,103.0,25663.0,25766,5.51807655659,M
Stephan,229.0,25512.0,25741,4.71318220514,M
Hilary,23540.0,2191.0,25731,-2.37434304122,F
Kameron,3546.0,22175.0,25721,1.83314532054,M
Drake,78.0,25537.0,25615,5.79117483319,M
Nannie,25556.0,20.0,25576,-7.15289512817,F
Serenity,25463.0,31.0,25494,-6.71099449258,F
Quinton,42.0,25452.0,25494,6.40687998607,M
Glenna,25488.0,5.0,25493,-8.53652511972,F
Timmy,168.0,25306.0,25474,5.01483282135,M
Staci,25339.0,59.0,25398,-6.06256254589,F
Dewayne,112.0,25275.0,25387,5.41907217259,M
Rhoda,25306.0,7.0,25313,-8.19288665169,F
Millie,25093.0,207.0,25300,-4.7976254085,F
Trudy,25272.0,5.0,25277,-8.52801443005,F
Tomas,27.0,25245.0,25272,6.84054652929,M
Eldon,55.0,25183.0,25238,6.12659125745,M
Royce,1795.0,23369.0,25164,2.56640533579,M
Jenifer,25098.0,22.0,25120,-7.03950098731,F
Antoine,359.0,24747.0,25106,4.23313716004,M
Phoebe,25083.0,5.0,25088,-8.52050769238,F
Blair,11110.0,13962.0,25072,0.228493749897,M
Lacy,18633.0,6436.0,25069,-1.06302697312,F
Jess,412.0,24653.0,25065,4.09163052657,M
Savanna,25047.0,15.0,25062,-7.42045913776,F
Clarice,24834.0,96.0,24930,-5.55562076951,F
Rocky,203.0,24713.0,24916,4.80187872091,M
Rory,3924.0,20943.0,24867,1.67469291995,M
Noelle,24768.0,35.0,24803,-6.5619597149,F
Esteban,31.0,24722.0,24753,6.68146160996,M
Deandre,452.0,24241.0,24693,3.98211851363,M
Lara,24640.0,34.0,24674,-6.58576589303,F
Alyson,24636.0,10.0,24646,-7.80937897381,F
Jarrod,65.0,24575.0,24640,5.93509767512,M
Lupe,18515.0,5977.0,24492,-1.13066244452,F
Justice,11167.0,13286.0,24453,0.173747848779,M
Luz,23542.0,885.0,24427,-3.28095369396,F
Freddy,172.0,24244.0,24416,4.94842996626,M
Davis,653.0,23733.0,24386,3.59304463441,M
Garland,815.0,23566.0,24381,3.36437216103,M
Fatima,24181.0,46.0,24227,-6.26468108332,F
Camila,24184.0,14.0,24198,-7.45438920684,F
Elsa,24153.0,21.0,24174,-7.04764143724,F
Tucker,205.0,23922.0,24127,4.75954383747,M
Braxton,510.0,23515.0,24025,3.83098306866,M
Francesca,23931.0,33.0,23964,-6.58642240711,F
Jeannine,23952.0,6.0,23958,-8.29204763743,F
Blanca,23791.0,126.0,23917,-5.24078072993,F
Reed,517.0,23359.0,23876,3.8106947533,M
Macy,23318.0,552.0,23870,-3.74343282722,F
Quincy,2552.0,21316.0,23868,2.12258059895,M
Angelique,23849.0,6.0,23855,-8.28773809749,F
Edmond,7.0,23821.0,23828,8.1324126745,M
Elisha,12635.0,11127.0,23762,-0.127096153665,F
Beau,282.0,23477.0,23759,4.42186942653,M
Ingrid,23721.0,17.0,23738,-7.24090266668,F
Jeanine,23537.0,11.0,23548,-7.66843365724,F
Audra,23270.0,193.0,23463,-4.79223006739,F
Kenya,21387.0,2048.0,23435,-2.34591955363,F
Vance,138.0,23289.0,23427,5.12848273992,M
Emerson,7559.0,15863.0,23422,0.741250447116,M
Johnathon,52.0,23342.0,23394,6.10676587339,M
Jaiden,6891.0,16495.0,23386,0.872841092305,M
Taryn,22796.0,583.0,23379,-3.6661531746,F
Leann,23334.0,7.0,23341,-8.11175665433,F
Bobbi,23196.0,63.0,23259,-5.9086004026,F
Reid,473.0,22720.0,23193,3.87190548434,M
Matt,5.0,23171.0,23176,8.44121886332,M
Deana,23094.0,14.0,23108,-7.4082707929,F
Dee,15825.0,7190.0,23015,-0.788899796297,F
Bettye,22920.0,47.0,22967,-6.18961756912,F
Silas,23.0,22933.0,22956,6.90483798433,M
Winston,92.0,22856.0,22948,5.51518036686,M
Darcy,20331.0,2564.0,22895,-2.07057827576,F
Kai,3913.0,18981.0,22894,1.5791341356,M
Corbin,447.0,22417.0,22864,3.91501628396,M
Maribel,22677.0,185.0,22862,-4.80875064888,F
Chasity,22836.0,23.0,22859,-6.90059930116,F
Jeri,22458.0,376.0,22834,-4.08981303374,F
Aliyah,22799.0,22.0,22821,-6.94342950097,F
Kendrick,293.0,22524.0,22817,4.34216407736,M
Weston,16.0,22790.0,22806,7.2614884,M
Ramiro,28.0,22754.0,22782,6.70029172292,M
Tamika,22653.0,90.0,22743,-5.52823790214,F
Willa,22666.0,24.0,22690,-6.85056745294,F
Simone,22219.0,464.0,22683,-3.86881850545,F
Darwin,58.0,22615.0,22673,5.96592567137,M
Lamont,165.0,22493.0,22658,4.91501395478,M
Winnie,22399.0,228.0,22627,-4.58742596504,F
Ezra,903.0,21688.0,22591,3.17879183776,M
Margo,22516.0,34.0,22550,-6.49562092197,F
Emilie,22489.0,7.0,22496,-8.0748714307,F
Carmela,22471.0,5.0,22476,-8.41054295554,F
Virgie,21785.0,669.0,22454,-3.48319287842,F
Doug,5.0,22436.0,22441,8.40898417819,M
Brenden,42.0,22397.0,22439,6.27901268202,M
Loyd,86.0,22337.0,22423,5.55965247908,M
Moises,52.0,22354.0,22406,6.06351683636,M
Kristian,6367.0,16022.0,22389,0.922834376758,M
Ericka,22343.0,46.0,22389,-6.18562695539,F
Kayleigh,22334.0,7.0,22341,-8.06795531095,F
Monte,814.0,21521.0,22335,3.2748241156,M
Rogelio,66.0,22201.0,22267,5.81823786986,M
Tiara,22185.0,61.0,22246,-5.89629779964,F
Bridgette,22133.0,16.0,22149,-7.2322362642,F
Sheena,22081.0,67.0,22148,-5.79778016983,F
Jami,21259.0,886.0,22145,-3.1778186635,F
Buddy,40.0,22098.0,22138,6.31436293156,M
Tonia,22079.0,53.0,22132,-6.03209029596,F
Burton,48.0,22066.0,22114,6.13059223041,M
Haylee,22083.0,20.0,22103,-7.00683108717,F
Rocco,5.0,22053.0,22058,8.39176601361,M
Tiana,22018.0,9.0,22027,-7.80239100229,F
Lenore,22016.0,6.0,22022,-8.20776527151,F
Zachariah,37.0,21928.0,21965,6.38460172534,M
Marquis,470.0,21468.0,21938,3.82158603859,M
Rae,21044.0,871.0,21915,-3.184728786,F
Isiah,11.0,21889.0,21900,7.59584423371,M
Lorie,21792.0,105.0,21897,-5.33533785879,F
Bennett,482.0,21344.0,21826,3.79058183466,M
Flossie,21786.0,37.0,21823,-6.378104928,F
Harlan,45.0,21765.0,21810,6.18139596422,M
Kayden,4753.0,17048.0,21801,1.27725689716,M
Latonya,21689.0,67.0,21756,-5.77986787917,F
Elma,21256.0,483.0,21739,-3.78437783379,F
Angelia,21687.0,22.0,21709,-6.89342582831,F
Cleveland,87.0,21601.0,21688,5.51458677024,M
Camryn,19171.0,2446.0,21617,-2.05894468327,F
Greta,21581.0,5.0,21586,-8.37013066451,F
Rolando,78.0,21484.0,21562,5.61835492434,M
Cornelia,21529.0,30.0,21559,-6.5759587608,F
Kiana,21539.0,19.0,21558,-7.03318154521,F
Kyler,1189.0,20351.0,21540,2.84001743302,M
Marcy,21283.0,256.0,21539,-4.42048646648,F
Murray,304.0,21232.0,21536,4.24623705517,M
Lizbeth,21505.0,31.0,21536,-6.54205354073,F
Keisha,21485.0,44.0,21529,-6.19092066229,F
Harriett,21468.0,5.0,21473,-8.36488082086,F
Thaddeus,32.0,21379.0,21411,6.504428508,M
Lincoln,192.0,21200.0,21392,4.70426108863,M
Marlin,1419.0,19956.0,21375,2.64357745182,M
Camden,1974.0,19400.0,21374,2.28521112506,M
Anton,21.0,21259.0,21280,6.92001317638,M
Roscoe,5.0,21128.0,21133,8.34891654154,M
Jarrett,78.0,21021.0,21099,5.59656839035,M
Elnora,21063.0,27.0,21090,-6.65943635968,F
Ila,20949.0,60.0,21009,-5.85550162929,F
Gerry,6656.0,14283.0,20939,0.763551315362,M
Jaxon,131.0,20797.0,20928,5.06736670132,M
Maritza,20822.0,79.0,20901,-5.57431754657,F
Emery,5464.0,15415.0,20879,1.03715993907,M
Amie,20819.0,40.0,20859,-6.25474185616,F
Eden,18172.0,2653.0,20825,-1.92419087274,F
Leanna,20819.0,5.0,20824,-8.33418339784,F
Daniella,20811.0,6.0,20817,-8.15147750283,F
Christi,20786.0,22.0,20808,-6.85099250879,F
Lukas,19.0,20779.0,20798,6.99725916113,M
Dorian,4285.0,16372.0,20657,1.34045200658,M
Cade,73.0,20566.0,20639,5.64093506464,M
Joaquin,53.0,20566.0,20619,5.96110259224,M
Kailey,20495.0,10.0,20505,-7.62535113994,F
Elton,188.0,20316.0,20504,4.68272206909,M
Adan,68.0,20393.0,20461,5.70343927852,M
Erwin,49.0,20336.0,20385,6.02832769532,M
India,20345.0,27.0,20372,-6.62475359443,F
Kody,644.0,19727.0,20371,3.42204480864,M
Dorthy,20219.0,79.0,20298,-5.5449301829,F
Nola,20272.0,9.0,20281,-7.71977132522,F
Cecile,20064.0,191.0,20255,-4.65440901539,F
Norbert,6.0,20222.0,20228,8.12276693042,M
Elwood,53.0,20125.0,20178,5.93942618873,M
Neva,20087.0,6.0,20093,-8.11606864941,F
Nelda,20078.0,5.0,20083,-8.29794205482,F
Terrie,19705.0,338.0,20043,-4.06558179415,F
Abbie,19699.0,326.0,20025,-4.10142577065,F
Denis,770.0,19144.0,19914,3.21335411474,M
Phil,73.0,19840.0,19913,5.60499593969,M
Ruthie,19852.0,32.0,19884,-6.43032413391,F
Laila,19844.0,11.0,19855,-7.49776170062,F
London,14129.0,5686.0,19815,-0.910222409555,F
Cortney,16764.0,2979.0,19743,-1.72764605633,F
Dolly,19647.0,44.0,19691,-6.10149029997,F
Alva,8531.0,11155.0,19686,0.268181239958,M
Brianne,19564.0,32.0,19596,-6.41571051886,F
Paola,19394.0,148.0,19542,-4.8755067451,F
Tristen,3833.0,15617.0,19450,1.40471227811,M
Elvin,234.0,19132.0,19366,4.40379648944,M
Gay,17982.0,1381.0,19363,-2.56656338314,F
Susana,19308.0,52.0,19360,-5.9170310782,F
Makenna,19350.0,8.0,19358,-7.79100615678,F
Stevie,7447.0,11884.0,19331,0.467381690872,M
Imani,18437.0,871.0,19308,-3.05247281722,F
Jonas,28.0,19149.0,19177,6.52780126375,M
Dollie,19106.0,61.0,19167,-5.74688383666,F
Katy,19148.0,5.0,19153,-8.25051563808,F
Letha,19079.0,25.0,19104,-6.63746770786,F
Hudson,402.0,18677.0,19079,3.83859601069,M
Vaughn,830.0,18243.0,19073,3.090111023,M
Darian,6008.0,13019.0,19027,0.773317914453,M
Julissa,18990.0,11.0,19001,-7.45377253101,F
Dona,18794.0,174.0,18968,-4.68223764973,F
Emilee,18943.0,8.0,18951,-7.76974820745,F
Talia,18914.0,5.0,18919,-8.23821975514,F
Keira,18820.0,7.0,18827,-7.89676526408,F
Sybil,18820.0,5.0,18825,-8.23323750071,F
Rodrigo,5.0,18796.0,18801,8.23196144779,M
Pearlie,18097.0,695.0,18792,-3.2595896121,F
Cayden,1157.0,17602.0,18759,2.72218208374,M
Tanisha,18713.0,21.0,18734,-6.79245131075,F
Sage,11680.0,7041.0,18721,-0.506127771863,F
Adolph,20.0,18680.0,18700,6.83947643823,M
Hollie,17216.0,1452.0,18668,-2.47289726758,F
Silvia,18596.0,51.0,18647,-5.89887615009,F
Odell,4146.0,14496.0,18642,1.25172873529,M
Claudette,18625.0,11.0,18636,-7.43436477045,F
Reynaldo,23.0,18549.0,18572,6.6926769423,M
Leilani,18533.0,19.0,18552,-6.88286922663,F
Scotty,219.0,18242.0,18461,4.42241017692,M
Mavis,18229.0,135.0,18364,-4.90549423309,F
Latisha,18276.0,38.0,18314,-6.17575784296,F
Zion,3414.0,14868.0,18282,1.47132662806,M
Jude,1306.0,16880.0,18186,2.55916045831,M
Heaven,17980.0,206.0,18186,-4.46913913924,F
Cruz,3850.0,14332.0,18182,1.31442165114,M
Arielle,18122.0,40.0,18162,-6.11600249467,F
Brendon,22.0,18066.0,18088,6.71074454435,M
Sawyer,1998.0,16078.0,18076,2.08530519768,M
Noe,226.0,17802.0,18028,4.36653109025,M
Melisa,17988.0,10.0,17998,-7.4948750549,F
Conor,69.0,17892.0,17961,5.55800245996,M
Anderson,404.0,17546.0,17950,3.77116640473,M
Precious,17760.0,119.0,17879,-5.00558052343,F
Amaya,17868.0,7.0,17875,-7.84485653342,F
Katlyn,17856.0,5.0,17861,-8.18065695275,F
Maura,17856.0,5.0,17861,-8.18065695275,F
Alexus,17608.0,227.0,17835,-4.35115860572,F
Roxie,17626.0,203.0,17829,-4.46392438462,F
Avis,17071.0,756.0,17827,-3.1170950202,F
Saundra,17811.0,11.0,17822,-7.38967625014,F
Santos,2757.0,15052.0,17809,1.69736774069,M
Scarlett,17792.0,7.0,17799,-7.84059404799,F
Asher,350.0,17440.0,17790,3.90858854298,M
Rusty,557.0,17228.0,17785,3.43172600625,M
Piper,17667.0,110.0,17777,-5.07897340582,F
Chuck,5.0,17763.0,17768,8.17543500877,M
Unknown,8983.0,8771.0,17754,-0.0238830772778,F
Issac,17.0,17725.0,17742,6.94951800734,M
Rickie,1711.0,16030.0,17741,2.23738397171,M
Amari,9101.0,8505.0,17606,-0.0677300717474,F
Gus,5.0,17595.0,17600,8.16593213732,M
Augusta,15929.0,1662.0,17591,-2.26011965088,F
Duncan,6.0,17536.0,17542,7.98025172052,M
Arline,17496.0,36.0,17532,-6.1862086239,F
Aisha,17425.0,27.0,17452,-6.46982436962,F
Walker,202.0,17247.0,17449,4.44712579689,M
Mara,17430.0,16.0,17446,-6.99335941627,F
Kelsie,17078.0,345.0,17423,-3.90200194744,F
Stefan,42.0,17379.0,17421,6.02534824148,M
Dion,1090.0,16326.0,17416,2.70658123279,M
Lorrie,17248.0,88.0,17336,-5.27811465923,F
Loraine,16988.0,340.0,17328,-3.91131687382,F
Derick,39.0,17278.0,17317,6.09362764879,M
Yasmin,17220.0,80.0,17300,-5.37180014331,F
Alanna,17247.0,7.0,17254,-7.80948334524,F
Chandra,17178.0,66.0,17244,-5.5617300323,F
Odessa,17062.0,154.0,17216,-4.70765644506,F
Sharron,16830.0,357.0,17187,-3.85318250541,F
Kirby,3325.0,13833.0,17158,1.42558736778,M
Kurtis,25.0,17113.0,17138,6.52871786271,M
Emory,2130.0,14997.0,17127,1.95172820138,M
Mauricio,6.0,17120.0,17126,7.95624318047,M
Ned,5.0,17107.0,17112,8.13780510302,M
Al,251.0,16825.0,17076,4.20516821538,M
Noemi,16978.0,69.0,17047,-5.5055671627,F
Kali,16522.0,474.0,16996,-3.55124078343,F
Esperanza,16952.0,35.0,16987,-6.18279303846,F
Devan,4897.0,12057.0,16954,0.901022631415,M
Hollis,3524.0,13412.0,16936,1.33655312053,M
Nikolas,15.0,16913.0,16928,7.02778763487,M
Jayme,13352.0,3569.0,16921,-1.31938074185,F
Ernie,712.0,16168.0,16880,3.12271134767,M
Louisa,16857.0,5.0,16862,-8.12308336735,F
Zelma,16657.0,112.0,16769,-5.00208695618,F
Juana,16670.0,88.0,16758,-5.24402916127,F
Regan,13602.0,3151.0,16753,-1.46249697798,F
Consuelo,16650.0,90.0,16740,-5.22035582508,F
Millard,33.0,16660.0,16693,6.22425835425,M
Lavern,6845.0,9807.0,16652,0.35957795767,M
Norris,523.0,16114.0,16637,3.42786227427,M
Lavonne,16399.0,217.0,16616,-4.3250782828,F
Earline,16522.0,59.0,16581,-5.63491066122,F
Nia,16560.0,10.0,16570,-7.41216033495,F
Amir,277.0,16290.0,16567,4.07428919541,M
Beatriz,16491.0,53.0,16544,-5.74027814298,F
Brooks,998.0,15543.0,16541,2.74561237917,M
Ignacio,22.0,16510.0,16532,6.62067908356,M
Marta,16483.0,46.0,16529,-5.88144342924,F
Kiley,15422.0,1086.0,16508,-2.6532938399,F
Aron,354.0,16148.0,16502,3.82025456884,M
Kiera,16456.0,19.0,16475,-6.76400645217,F
Hal,12.0,16416.0,16428,7.22110509818,M
Kermit,27.0,16365.0,16392,6.40706332093,M
Suzette,16382.0,5.0,16387,-8.09450053764,F
Pierre,73.0,16305.0,16378,5.40876764708,M
Zackery,5.0,16353.0,16358,8.0927287333,M
Galen,560.0,15795.0,16355,3.33951192951,M
Wiley,123.0,16220.0,16343,4.8818159723,M
Bart,5.0,16308.0,16313,8.08997315151,M
Martina,16263.0,40.0,16303,-6.00776841381,F
Eliana,16275.0,17.0,16292,-6.86417212302,F
Brooklynn,16260.0,19.0,16279,-6.75202440394,F
Marcel,986.0,15280.0,16266,2.74064370812,M
Thurman,5.0,16251.0,16256,8.08647181189,M
Russel,12.0,16237.0,16249,7.2101412178,M
Araceli,16105.0,138.0,16243,-4.75963137661,F
Coy,851.0,15379.0,16230,2.89434609287,M
Raphael,318.0,15871.0,16189,3.91019744073,M
Nathanael,12.0,16175.0,16187,7.20631546958,M
Reece,2368.0,13818.0,16186,1.76392637304,M
Axel,63.0,16116.0,16179,5.54443311992,M
Shea,9452.0,6726.0,16178,-0.340245746007,F
Jarvis,123.0,16011.0,16134,4.86884690963,M
Barney,91.0,16036.0,16127,5.17173196725,M
Earnestine,16064.0,61.0,16125,-5.57346215832,F
Rylan,1976.0,14146.0,16122,1.96835729929,M
Roslyn,16083.0,10.0,16093,-7.3829329995,F
Ulysses,25.0,16053.0,16078,6.46477520211,M
Camilla,16032.0,6.0,16038,-7.89058253466,F
Ashlynn,16026.0,12.0,16038,-7.19706103255,F
Efrain,29.0,15953.0,15982,6.31010634831,M
Perla,15900.0,30.0,15930,-6.27287700655,F
Althea,15921.0,5.0,15926,-8.06595635906,F
Viviana,15871.0,22.0,15893,-6.58120637015,F
Abbey,15819.0,35.0,15854,-6.11361896671,F
Liza,15828.0,14.0,15842,-7.03047847289,F
Clair,3755.0,12019.0,15774,1.16340044575,M
Magdalena,15738.0,10.0,15748,-7.3612483561,F
Irwin,12.0,15698.0,15710,7.1763819449,M
Brandie,15659.0,29.0,15688,-6.29150528056,F
Jerri,15366.0,279.0,15645,-4.00870077361,F
Jacklyn,15634.0,5.0,15639,-8.04776539635,F
Elvis,152.0,15451.0,15603,4.6215484843,M
Monroe,410.0,15180.0,15590,3.61157689125,M
Kamryn,13752.0,1836.0,15588,-2.01359497588,F
Lauryn,15559.0,12.0,15571,-7.16748787853,F
Chrystal,15510.0,5.0,15515,-8.03980234374,F
Alivia,15468.0,10.0,15478,-7.34394355973,F
Landen,135.0,15330.0,15465,4.73229219343,M
Nathalie,15403.0,6.0,15409,-7.8505581054,F
Ivory,7348.0,8057.0,15405,0.0921131114422,M
Keaton,868.0,14534.0,15402,2.81805429652,M
Casandra,15365.0,7.0,15372,-7.69393732551,F
Luann,15351.0,6.0,15357,-7.84717642825,F
Skye,13336.0,1999.0,15335,-1.89782008993,F
Ophelia,15317.0,15.0,15332,-6.92866840056,F
Marley,13082.0,2226.0,15308,-1.77103098669,F
Joesph,12.0,15264.0,15276,7.1483457439,M
Denny,395.0,14879.0,15274,3.62882033693,M
Sonny,481.0,14773.0,15254,3.42468919922,M
Fiona,15249.0,5.0,15254,-8.02283129368,F
Ryder,171.0,15074.0,15245,4.4790631279,M
Wilmer,742.0,14486.0,15228,2.97158870159,M
Ester,14325.0,892.0,15217,-2.776295409,F
Marcie,15189.0,13.0,15202,-7.06337740318,F
Keenan,312.0,14873.0,15185,3.86429957978,M
Charmaine,15152.0,20.0,15172,-6.63015554187,F
Reva,15121.0,11.0,15132,-7.22594451231,F
Nicolette,15125.0,5.0,15130,-8.01466637046,F
Rosella,15118.0,5.0,15123,-8.01420345342,F
Janell,15094.0,23.0,15117,-6.48655837692,F
Paulina,15100.0,5.0,15105,-8.01301211037,F
Elyse,15067.0,19.0,15086,-6.67582322163,F
Rosario,9774.0,5290.0,15064,-0.613907552978,F
Kaiden,854.0,14202.0,15056,2.81120688495,M
Humberto,10.0,15031.0,15041,7.31528492114,M
Lessie,14063.0,944.0,15007,-2.70117634772,F
Merlin,730.0,14271.0,15001,2.97294025096,M
Jeffry,10.0,14981.0,14991,7.31195291752,M
Javon,749.0,14162.0,14911,2.93957861669,M
Carley,14475.0,410.0,14885,-3.56402114274,F
Deja,14789.0,86.0,14875,-5.14729164391,F
Tatum,13346.0,1484.0,14830,-2.19647556974,F
Alphonso,27.0,14787.0,14814,6.30566682937,M
Merrill,1950.0,12858.0,14808,1.88613681314,M
Deanne,14792.0,5.0,14797,-7.99240386063,F
Monty,274.0,14509.0,14783,3.96939631913,M
Forest,448.0,14321.0,14769,3.46468903806,M
Mari,14752.0,5.0,14757,-7.98969603336,F
Gillian,14687.0,61.0,14748,-5.48384416358,F
Hester,14206.0,537.0,14743,-3.27542159505,F
Armand,6.0,14730.0,14736,7.80588204023,M
Jannie,14703.0,28.0,14731,-6.2636023234,F
Shayna,14715.0,5.0,14720,-7.98718474823,F
Maynard,22.0,14692.0,14714,6.50401595358,M
Sienna,14698.0,5.0,14703,-7.98602879665,F
Damion,39.0,14640.0,14679,5.92795114139,M
Octavia,14540.0,139.0,14679,-4.65018481796,F
Rhea,14237.0,408.0,14645,-3.55233231421,F
Deidre,14613.0,11.0,14624,-7.19177154968,F
Kory,1163.0,13458.0,14621,2.44857085123,M
Rosanne,14611.0,5.0,14616,-7.98009203624,F
Janae,14592.0,6.0,14598,-7.79646924309,F
Graciela,14522.0,39.0,14561,-5.91985837381,F
Chantel,14526.0,11.0,14537,-7.18580015337,F
Coleman,17.0,14507.0,14524,6.74917322648,M
Cristal,14456.0,55.0,14511,-5.57153164704,F
Augustine,3491.0,11012.0,14503,1.14879735916,M
Bertie,13634.0,856.0,14490,-2.76805157578,F
Donnell,1026.0,13464.0,14490,2.57435171014,M
Corine,14458.0,17.0,14475,-6.7457898295,F
Ward,15.0,14460.0,14475,6.87109129461,M
Adolfo,10.0,14390.0,14400,7.27170370689,M
Deon,1657.0,12687.0,14344,2.03556910871,M
Dusty,4258.0,10085.0,14343,0.862249604935,M
Tierra,14271.0,70.0,14341,-5.31748954305,F
Kaylin,13916.0,424.0,14340,-3.49106108104,F
Jordon,1774.0,12561.0,14335,1.95735989182,M
Deshawn,1183.0,13144.0,14327,2.40791179574,M
Bryon,17.0,14284.0,14301,6.73368196466,M
Danna,14148.0,135.0,14283,-4.65205377189,F
Tillie,14223.0,27.0,14250,-6.26677878557,F
Libby,14237.0,5.0,14242,-7.95416157618,F
Ronny,467.0,13736.0,14203,3.38144614491,M
Gussie,13084.0,1098.0,14182,-2.47789976659,F
Kierra,14163.0,18.0,14181,-6.66801645132,F
Earlene,14159.0,5.0,14164,-7.94866783085,F
Melva,14133.0,29.0,14162,-6.18897193738,F
Terra,14135.0,5.0,14140,-7.94697135769,F
Aniyah,14132.0,5.0,14137,-7.94675909604,F
Dulce,14074.0,49.0,14123,-5.66026410442,F
Rosalinda,14117.0,5.0,14122,-7.94569711145,F
Denver,727.0,13384.0,14111,2.91288876513,M
Leonel,5.0,14097.0,14102,7.94427937534,M
Chanel,14002.0,85.0,14087,-5.10430419905,F
Aline,14047.0,5.0,14052,-7.9407262164,F
Concetta,14042.0,5.0,14047,-7.94037020514,F
Delmar,134.0,13904.0,14038,4.64209204755,M
Karyn,13955.0,5.0,13960,-7.93415523354,F
Tyrell,145.0,13810.0,13955,4.55641450398,M
Tyra,13791.0,142.0,13933,-4.57594442687,F
Kassidy,13680.0,243.0,13923,-4.03062874784,F
Baylee,13352.0,568.0,13920,-3.15730004662,F
Dayna,13812.0,87.0,13899,-5.06738493986,F
Brice,324.0,13548.0,13872,3.73325069815,M
Kaitlynn,13864.0,5.0,13869,-7.92761291896,F
Donte,137.0,13729.0,13866,4.60728473707,M
Harris,77.0,13782.0,13859,5.18731325006,M
Meaghan,13827.0,7.0,13834,-7.58846833233,F
Hans,5.0,13809.0,13814,7.92363792005,M
Lyndsey,13784.0,27.0,13811,-6.2354269122,F
Weldon,25.0,13675.0,13700,6.30444880242,M
Marci,13662.0,11.0,13673,-7.12447826249,F
Jamison,1443.0,12205.0,13648,2.13512142405,M
Stephany,13634.0,5.0,13639,-7.91088403949,F
Tamra,13632.0,5.0,13637,-7.91073733663,F
Ahmad,18.0,13616.0,13634,6.62862909292,M
Scot,11.0,13618.0,13629,7.12125245324,M
Jamar,73.0,13546.0,13619,5.22338713863,M
Houston,231.0,13385.0,13616,4.05947224543,M
Queen,13584.0,31.0,13615,-6.08266070407,F
Rosanna,13590.0,6.0,13596,-7.72533003792,F
Lourdes,13488.0,69.0,13557,-5.27544917564,F
Kaye,13031.0,503.0,13534,-3.25449624305,F
Rashad,85.0,13446.0,13531,5.06378568654,M
Jaqueline,13490.0,23.0,13513,-6.37420973327,F
Asa,872.0,12637.0,13509,2.67359487385,M
Truman,26.0,13482.0,13508,6.25101420339,M
Carlie,12213.0,1292.0,13505,-2.24630955283,F
Michel,3410.0,10075.0,13485,1.08334481654,M
Renae,13432.0,33.0,13465,-6.00888763729,F
Kaleigh,13437.0,6.0,13443,-7.71400790565,F
Carina,13405.0,35.0,13440,-5.94803498918,F
Brynn,13122.0,290.0,13412,-3.81216456692,F
Clement,6.0,13405.0,13411,7.71162358144,M
Lina,13395.0,5.0,13400,-7.89319886954,F
Rowan,5590.0,7772.0,13362,0.329548244348,M
Beverley,12937.0,396.0,13333,-3.48643249066,F
Emely,13289.0,16.0,13305,-6.72210318209,F
Domingo,26.0,13268.0,13294,6.23501386205,M
Jaylin,5378.0,7911.0,13289,0.385937638193,M
Cadence,12442.0,841.0,13283,-2.6942414651,F
Carlo,80.0,13196.0,13276,5.10564239767,M
Mina,12822.0,412.0,13234,-3.4378943752,F
Georgie,11728.0,1493.0,13221,-2.06119162659,F
Tyree,729.0,12428.0,13157,2.8360335385,M
Alvaro,5.0,13146.0,13151,7.87443489639,M
Maud,13119.0,31.0,13150,-6.0478296356,F
Jameson,529.0,12601.0,13130,3.17054302301,M
Jayda,13091.0,24.0,13115,-6.30162641983,F
Kiersten,13107.0,5.0,13112,-7.87146380519,F
Christen,11183.0,1902.0,13085,-1.77148880392,F
Deena,13079.0,5.0,13084,-7.86932525706,F
Celina,13057.0,6.0,13063,-7.68532019818,F
Jadyn,10330.0,2729.0,13059,-1.33111704141,F
Seymour,10.0,13030.0,13040,7.17242457712,M
Alden,640.0,12391.0,13031,2.96325750526,M
Macie,12980.0,31.0,13011,-6.03717778577,F
Isabell,13001.0,5.0,13006,-7.86334364413,F
Rhiannon,13001.0,5.0,13006,-7.86334364413,F
Agustin,21.0,12975.0,12996,6.42625727031,M
Milo,81.0,12893.0,12974,5.06999065274,M
Harmony,12961.0,13.0,12974,-6.90475076996,F
Krystle,12916.0,44.0,12960,-5.68203249796,F
Mitchel,22.0,12931.0,12953,6.37634035494,M
Brenton,18.0,12923.0,12941,6.57639219063,M
Brook,9699.0,3165.0,12864,-1.11986973182,F
Quintin,7.0,12855.0,12862,7.51557797064,M
Kareem,193.0,12646.0,12839,4.18240604971,M
Benito,31.0,12788.0,12819,6.02227530569,M
Chadwick,22.0,12791.0,12813,6.36545462424,M
Lakeisha,12740.0,36.0,12776,-5.86898299067,F
Augustus,10.0,12765.0,12775,7.15187723668,M
Joselyn,12758.0,5.0,12763,-7.84447589237,F
Wilda,12743.0,15.0,12758,-6.74468717911,F
Tameka,12716.0,41.0,12757,-5.73704425533,F
Jarred,8.0,12743.0,12751,7.37329583853,M
Tate,813.0,11918.0,12731,2.68507403176,M
Josefina,12684.0,35.0,12719,-5.89274857417,F
Aldo,15.0,12699.0,12714,6.74122832809,M
Aden,413.0,12267.0,12680,3.39122041607,M
Linwood,5.0,12632.0,12637,7.8345506435,M
Jena,12623.0,7.0,12630,-7.4973656767,F
Holden,85.0,12524.0,12609,4.99275082596,M
Khalil,97.0,12486.0,12583,4.85765231712,M
Adrianne,12547.0,26.0,12573,-6.17914033414,F
Garret,5.0,12529.0,12534,7.82636332381,M
Tayler,10279.0,2254.0,12533,-1.51739656341,F
Khloe,12524.0,7.0,12531,-7.48949193339,F
Mckinley,3607.0,8869.0,12476,0.899685648473,M
Rocio,12041.0,426.0,12467,-3.34163342562,F
Eddy,315.0,12134.0,12449,3.65119406968,M
Trevon,25.0,12406.0,12431,6.20705968066,M
Donny,40.0,12384.0,12424,5.73528114172,M
Cari,12358.0,55.0,12413,-5.41472572039,F
Lesly,11910.0,497.0,12407,-3.17654363625,F
Presley,9280.0,3115.0,12395,-1.09163239456,F
Shayne,2532.0,9844.0,12376,1.35785262825,M
Nayeli,12344.0,14.0,12358,-6.78186806443,F
Kobe,195.0,12159.0,12354,4.13282535673,M
Petra,12284.0,67.0,12351,-5.21136026217,F
Beryl,9997.0,2339.0,12336,-1.45256156038,F
Lakisha,12293.0,12.0,12305,-6.93187862388,F
Morton,5.0,12287.0,12292,7.80685915943,M
Dara,11734.0,552.0,12286,-3.05669784321,F
Basil,42.0,12213.0,12255,5.67258661889,M
Uriel,144.0,12095.0,12239,4.43073412347,M
Kourtney,11504.0,701.0,12205,-2.79794219293,F
Roxanna,12195.0,7.0,12202,-7.46287116159,F
Sarai,12184.0,6.0,12190,-7.61611942535,F
Carmine,465.0,11719.0,12184,3.22692932967,M
Maricela,12106.0,56.0,12162,-5.37610478572,F
Maddox,470.0,11679.0,12149,3.21281494157,M
Catalina,12118.0,7.0,12125,-7.45653708045,F
Dayton,372.0,11741.0,12113,3.45194841436,M
Harper,8934.0,3174.0,12108,-1.03487160083,F
Lawanda,12087.0,6.0,12093,-7.60812630463,F
Hailee,12076.0,6.0,12082,-7.6072158216,F
Camron,387.0,11693.0,12080,3.40832095811,M
Haleigh,12044.0,9.0,12053,-7.19909731227,F
Trista,12019.0,5.0,12024,-7.78480609752,F
Teagan,9032.0,2984.0,12016,-1.10750914451,F
Maddison,11956.0,42.0,11998,-5.65131890512,F
Easton,281.0,11680.0,11961,3.72727858705,M
Arleen,11929.0,6.0,11935,-7.59496822005,F
Vern,485.0,11446.0,11931,3.16124671203,M
Birdie,11821.0,106.0,11927,-4.71419379564,F
Theron,27.0,11856.0,11883,6.08475248153,M
Francisca,11816.0,61.0,11877,-5.26633596004,F
Christin,10956.0,913.0,11869,-2.48490664979,F
Scottie,1518.0,10341.0,11859,1.91872289723,M
Dudley,120.0,11725.0,11845,4.58198685053,M
Osvaldo,12.0,11831.0,11843,6.89357183447,M
Earle,285.0,11497.0,11782,3.69735223049,M
Rylie,10969.0,779.0,11748,-2.64481734554,F
Reyna,11712.0,32.0,11744,-5.9026333334,F
Baby,5738.0,5966.0,11704,0.0389659685334,M
Lia,11685.0,10.0,11695,-7.06347615398,F
Cori,10575.0,1081.0,11656,-2.28060618628,F
Layne,3236.0,8419.0,11655,0.956153057159,M
Janel,11610.0,32.0,11642,-5.89388617189,F
Brittani,11616.0,22.0,11638,-6.26909628371,F
Yadira,11610.0,23.0,11633,-6.22412785876,F
Joelle,11380.0,253.0,11633,-3.80622321895,F
Reggie,416.0,11205.0,11621,3.29343012597,M
Dessie,11299.0,317.0,11616,-3.57356773133,F
Micaela,11594.0,6.0,11600,-7.56648353267,F
Nikita,9767.0,1833.0,11600,-1.67305538761,F
Davon,371.0,11228.0,11599,3.40996387487,M
Xander,12.0,11583.0,11595,6.87238713514,M
Lexie,11158.0,437.0,11595,-3.23997881331,F
Fletcher,121.0,11456.0,11577,4.5504783436,M
Pierce,102.0,11469.0,11571,4.72243020908,M
Anahi,11526.0,31.0,11557,-5.91837342751,F
Royal,392.0,11157.0,11549,3.3485605428,M
Kyleigh,11535.0,6.0,11541,-7.56138170138,F
Shelton,166.0,11361.0,11527,4.22595392821,M
Kaley,11493.0,25.0,11518,-6.1306176085,F
Mervin,38.0,11460.0,11498,5.70903183054,M
Cyril,97.0,11383.0,11480,4.76516531482,M
Princess,11471.0,7.0,11478,-7.40166724123,F
Demarcus,29.0,11387.0,11416,5.97293180282,M
Devyn,6034.0,5381.0,11415,-0.11453591023,F
Wilhelmina,11405.0,5.0,11410,-7.73236922228,F
Rebeca,11398.0,5.0,11403,-7.73175526796,F
Lesa,11389.0,12.0,11401,-6.85549660649,F
Alfreda,11365.0,35.0,11400,-5.7829456748,F
Titus,6.0,11385.0,11391,7.54829250927,M
Jarod,5.0,11383.0,11388,7.73043838089,M
Justina,11381.0,6.0,11387,-7.54794110805,F
Iona,11368.0,5.0,11373,-7.72911975734,F
Korey,1224.0,10146.0,11370,2.11495535505,M
Zelda,11352.0,5.0,11357,-7.72771130641,F
Erich,27.0,11287.0,11314,6.03557003395,M
Angelita,11268.0,37.0,11305,-5.71880421635,F
Claudine,11268.0,15.0,11283,-6.62167192789,F
Florine,11252.0,5.0,11257,-7.71886325718,F
Barrett,584.0,10667.0,11251,2.9050091598,M
Aubree,11229.0,17.0,11246,-6.49304165252,F
Lizette,11230.0,5.0,11235,-7.7169061353,F
Kellen,1060.0,10171.0,11231,2.26127162552,M
Cherry,11092.0,135.0,11227,-4.4087046283,F
Keely,11198.0,21.0,11219,-6.27896803219,F
Lauri,11012.0,187.0,11199,-4.07563224941,F
Katina,11156.0,34.0,11190,-5.79337222413,F
Yasmine,11167.0,5.0,11172,-7.71128036701,F
Bria,11105.0,55.0,11160,-5.3078175511,F
Prince,549.0,10609.0,11158,2.96135953495,M
Itzel,11071.0,85.0,11156,-4.86943309937,F
Aida,11145.0,5.0,11150,-7.70930833339,F
Anissa,11120.0,5.0,11125,-7.70706265537,F
Antwan,113.0,10999.0,11112,4.57817181984,M
Kacey,9309.0,1797.0,11106,-1.64486306633,F
Kacie,11072.0,32.0,11104,-5.84643877506,F
Kendal,7034.0,4057.0,11091,-0.550311749827,F
Cornell,348.0,10738.0,11086,3.42934165121,M
Phoenix,4245.0,6834.0,11079,0.47616833393,M
Ashanti,10301.0,751.0,11052,-2.61859060512,F
Marquita,10976.0,30.0,11006,-5.9022689683,F
Braeden,230.0,10731.0,10961,3.842812719,M
Claud,47.0,10892.0,10939,5.44563625208,M
Buford,110.0,10824.0,10934,4.58904080406,M
Kade,127.0,10803.0,10930,4.44339206586,M
Shaina,10902.0,18.0,10920,-6.40632977973,F
Ryleigh,10733.0,186.0,10919,-4.05533171277,F
Halle,10905.0,6.0,10911,-7.50521720941,F
Ciera,10904.0,5.0,10909,-7.68744706094,F
Shellie,9949.0,892.0,10841,-2.41176119001,F
Gayla,10832.0,6.0,10838,-7.49850052592,F
Dannie,1999.0,8771.0,10770,1.47880376945,M
Booker,5.0,10762.0,10767,7.67433877762,M
Brayan,18.0,10740.0,10758,6.39135861017,M
Damaris,10282.0,463.0,10745,-3.10042301853,F
Porter,182.0,10544.0,10726,4.05930556967,M
Luisa,10672.0,33.0,10705,-5.77887120669,F
Lona,10685.0,17.0,10702,-6.4433828237,F
Cullen,73.0,10626.0,10699,4.98059966586,M
Kori,9553.0,1146.0,10699,-2.120577623,F
Artie,6392.0,4287.0,10679,-0.399460020848,F
Mariam,10643.0,5.0,10648,-7.66321976561,F
Vince,5.0,10617.0,10622,7.66077385658,M
Bernie,1535.0,9042.0,10577,1.77335000783,M
Leora,10543.0,6.0,10549,-7.47145794235,F
Gino,12.0,10530.0,10542,6.77707695534,M
Lavon,6233.0,4309.0,10542,-0.369151899193,F
Mikel,969.0,9571.0,10540,2.29022836031,M
America,10521.0,16.0,10537,-6.48853981657,F
Demetria,10374.0,141.0,10515,-4.29829806453,F
Nigel,85.0,10416.0,10501,4.80844710796,M
Freeman,5.0,10464.0,10469,7.64625816126,M
Deven,1261.0,9206.0,10467,1.98795038841,M
Major,16.0,10429.0,10445,6.47975694388,M
Daren,194.0,10218.0,10412,3.96404799083,M
Fernanda,10379.0,26.0,10405,-5.98944327494,F
Vernell,7127.0,3275.0,10402,-0.777572519433,F
Robby,216.0,10183.0,10399,3.85319653449,M
Winfred,351.0,10037.0,10388,3.35324732035,M
Rhett,35.0,10351.0,10386,5.68949035089,M
Nakia,8427.0,1958.0,10385,-1.45951729268,F
Tristin,2631.0,7732.0,10363,1.07800355929,M
Kennith,5.0,10348.0,10353,7.63511063087,M
Roxana,10324.0,26.0,10350,-5.98413002282,F
Marva,10335.0,7.0,10342,-7.29738132306,F
Ashly,10219.0,122.0,10341,-4.42798296688,F
Wilford,5.0,10330.0,10335,7.63336964968,M
Willow,10218.0,111.0,10329,-4.52237594858,F
Arden,3824.0,6505.0,10329,0.531274116775,M
Wilburn,15.0,10308.0,10323,6.53262537067,M
Vonda,10307.0,11.0,10318,-6.84268328224,F
Elmo,246.0,10071.0,10317,3.71208374972,M
Nataly,10305.0,10.0,10315,-6.93779940033,F
Carrol,4252.0,6061.0,10313,0.354485342489,M
Robbin,8547.0,1764.0,10311,-1.5779963866,F
Lilia,10281.0,5.0,10286,-7.62861489811,F
Theo,3195.0,7066.0,10261,0.793707461107,M
Mckayla,10245.0,5.0,10250,-7.62510714824,F
Darien,1781.0,8466.0,10247,1.55888313779,M
Madisyn,10196.0,5.0,10201,-7.62031285306,F
Alvina,10182.0,5.0,10187,-7.61893882203,F
Dalia,10174.0,6.0,10180,-7.43583125615,F
Jamel,367.0,9813.0,10180,3.28610146815,M
Portia,10164.0,8.0,10172,-7.14716580276,F
Valencia,10160.0,11.0,10171,-6.82831844833,F
Luca,486.0,9677.0,10163,2.99129859098,M
Jaimie,9263.0,899.0,10162,-2.33250021478,F
Tevin,59.0,10096.0,10155,5.14235714088,M
Jaxson,13.0,10139.0,10152,6.65919529549,M
Mohammad,10.0,10131.0,10141,6.92077021606,M
Miracle,9957.0,181.0,10138,-4.00753406912,F
Sunny,7219.0,2868.0,10087,-0.92310151642,F
Foster,83.0,9995.0,10078,4.79099963914,M
Germaine,7875.0,2195.0,10070,-1.27751113818,F
Lashawn,7280.0,2777.0,10057,-0.963759653884,F
Kieran,1214.0,8835.0,10049,1.98480041313,M
Shantel,9975.0,59.0,10034,-5.13029979785,F
Sandi,10005.0,21.0,10026,-6.16631780929,F
Kaelyn,9949.0,56.0,10005,-5.17987563185,F
